"Time","Location","Month","Intervention","mu","li","ui","Source","Year","Count"
1,0,"1",0,0.875179043086398,0.470882261005904,0.99450535638661,"Poultry",2005,NA
2,0,"2",0,0.911648876837171,0.479807225855914,0.999720193242549,"Poultry",2005,4
3,0,"3",0,0.733629778249141,0.240039324404641,0.98486948162517,"Poultry",2005,5
4,0,"4",0,0.878927859791778,0.344455361881603,0.999625894808976,"Poultry",2005,7
5,0,"5",0,0.501811554844009,0.0839756356282926,0.954476346989598,"Poultry",2005,16
6,0,"6",0,0.768284076496142,0.245025615827266,0.996372444532944,"Poultry",2005,5
7,0,"7",0,0.78945101146699,0.357397423890562,0.992406566828204,"Poultry",2005,5
8,0,"8",0,0.896053848016686,0.583541483579237,0.998096456151613,"Poultry",2005,11
9,0,"9",0,0.846129952290435,0.490243421143729,0.995963968092015,"Poultry",2005,12
10,0,"10",0,0.825319002232426,0.479013557830024,0.991468792978048,"Poultry",2005,16
11,0,"11",0,0.827867243938856,0.597940921803062,0.979011740720265,"Poultry",2005,36
12,0,"12",0,0.961221281701826,0.815699136822729,0.999651256950773,"Poultry",2005,20
13,0,"1",0,0.781844604551838,0.457667658207771,0.969807309121873,"Poultry",2006,18
14,0,"2",0,0.903659412991062,0.60823517959709,0.999700849945486,"Poultry",2006,16
15,0,"3",0,0.672146327159709,0.298426084399717,0.955356395731783,"Poultry",2006,16
16,0,"4",0,0.914783843325041,0.552700158189824,0.9996296739808,"Poultry",2006,9
17,0,"5",0,0.792395845040114,0.505878722447242,0.974816528865422,"Poultry",2006,24
18,0,"6",0,0.856195000752306,0.576283763896521,0.9959210772469,"Poultry",2006,23
19,0,"7",0,0.834325323267744,0.480363723797087,0.993175397163746,"Poultry",2006,14
20,0,"8",0,0.849651941507185,0.500317573329045,0.997847555683318,"Poultry",2006,15
21,0,"9",0,0.887339192920397,0.582047938406862,0.996451822792812,"Poultry",2006,10
22,0,"10",0,0.836393870227633,0.526984480526811,0.986569436828457,"Poultry",2006,11
23,0,"11",0,0.921634398058744,0.756403845992036,0.994418536418512,"Poultry",2006,23
24,0,"12",0,0.959261089290734,0.822132573086022,0.999645306729325,"Poultry",2006,29
25,0,"1",0,0.950458137618025,0.836175088953693,0.996004489023218,"Poultry",2007,28
26,0,"2",0,0.956173856157418,0.795470847673932,0.999719865398383,"Poultry",2007,17
27,0,"3",0,0.693214082255784,0.311894281864865,0.955445069844952,"Poultry",2007,10
28,0,"4",0,0.856287396272394,0.319969406302443,0.999628362585528,"Poultry",2007,9
29,0,"5",0,0.642534923699416,0.289473536277587,0.942017736814168,"Poultry",2007,17
30,0,"6",0,0.721881448975965,0.345565939083444,0.993245574018566,"Poultry",2007,14
31,0,"7",0,0.603295997603224,0.204218087063462,0.967476963769449,"Poultry",2007,16
32,0,"8",0,0.859378148913965,0.438717680748389,0.997858582907738,"Poultry",2007,6
33,0,"9",0,0.776403558850058,0.340905675690179,0.995018589145121,"Poultry",2007,9
34,0,"10",0,0.873672926268612,0.589895491764346,0.99355675108922,"Poultry",2007,18
35,0,"11",0,0.916637240009024,0.720483334234428,0.994992653391869,"Poultry",2007,30
36,0,"12",0,0.94684962580178,0.771430518188714,0.999652436574569,"Poultry",2007,26
37,0,"1",1,0.677595456187119,0.196408866240049,0.965986525537791,"Poultry",2008,4
38,0,"2",1,0.330094274429754,0.0297320090137628,0.817939584109064,"Poultry",2008,4
39,0,"3",1,0.226290806874619,0.0185616994915121,0.637898556174072,"Poultry",2008,4
40,0,"4",1,0.128217512544582,0.000312862269412581,0.553633008120409,"Poultry",2008,4
41,0,"5",1,0.167206327661849,0.00103622492165826,0.671618414067766,"Poultry",2008,3
42,0,"6",1,0.419900719983503,0.0427357991871744,0.902163337065095,"Poultry",2008,3
43,0,"7",1,0.745465707403031,0.356348564843545,0.970149168859151,"Poultry",2008,6
44,0,"8",1,0.217037973585967,0.0432638321630261,0.473331132547135,"Poultry",2008,27
45,0,"9",1,0.280884111964126,0.0351711617355049,0.648405991908757,"Poultry",2008,12
46,0,"10",1,0.753741646150473,0.323876941491,0.977080432468524,"Poultry",2008,4
47,0,"11",1,0.661167417350521,0.259783860268234,0.946555197970692,"Poultry",2008,6
48,0,"12",1,0.789037363730758,0.407256113146645,0.983573897337573,"Poultry",2008,14
49,0,"1",1,0.796444580807562,0.468010755379892,0.976056273776392,"Poultry",2009,15
50,0,"2",1,0.552845682033215,0.0826341347495772,0.94411877225079,"Poultry",2009,5
51,0,"3",1,0.47083627969675,0.0890681454463371,0.877191526146046,"Poultry",2009,6
52,0,"4",1,0.204670079428422,0.000332047478417661,0.687888820527295,"Poultry",2009,7
53,0,"5",1,0.205813525720075,0.00108624446697389,0.752414113064289,"Poultry",2009,5
54,0,"6",1,0.408857264528928,0.0630345126317702,0.827509789747462,"Poultry",2009,9
55,0,"7",1,0.622058241015133,0.185618706253922,0.939039515013474,"Poultry",2009,5
56,0,"8",1,0.447777170203423,0.104909478717607,0.829011258405093,"Poultry",2009,9
57,0,"9",1,0.505834848806044,0.119263200573476,0.892255110197383,"Poultry",2009,7
58,0,"10",1,0.787090535576483,0.466854334381437,0.971815816142061,"Poultry",2009,13
59,0,"11",1,0.455089136784512,0.0669834856713328,0.871183398876048,"Poultry",2009,7
60,0,"12",1,0.815404551241045,0.48064831054952,0.985006382761084,"Poultry",2009,17
61,0,"1",1,0.662494974337904,0.297182756912971,0.929607250917767,"Poultry",2010,13
62,0,"2",1,0.456998093035395,0.0860454711239755,0.860234612727303,"Poultry",2010,16
63,0,"3",1,0.391687843093734,0.119442208161605,0.703202598470619,"Poultry",2010,16
64,0,"4",1,0.124973754908088,0.000312352487099623,0.509737801908711,"Poultry",2010,8
65,0,"5",1,0.112354001373536,0.00099596577629442,0.434730955339085,"Poultry",2010,12
66,0,"6",1,0.671751975568702,0.232031138438688,0.961309414206777,"Poultry",2010,9
67,0,"7",1,0.70934692518608,0.326959862569373,0.958956631361517,"Poultry",2010,12
68,0,"8",1,0.427087084276361,0.0836877330264576,0.813734790729699,"Poultry",2010,11
69,0,"9",1,0.323961602073398,0.068204400780595,0.656137013190088,"Poultry",2010,11
70,0,"10",1,0.760200459037183,0.423493719735212,0.967429736342985,"Poultry",2010,6
71,0,"11",1,0.491614887607934,0.125175469103077,0.870711248074847,"Poultry",2010,12
72,0,"12",1,0.82476584518837,0.485639654352063,0.985817524143411,"Poultry",2010,9
73,0,"1",1,0.742784471251974,0.390223176646755,0.965216915846033,"Poultry",2011,7
74,0,"2",1,0.307727546310959,0.0289005638323981,0.765985945740391,"Poultry",2011,7
75,0,"3",1,0.258117732982427,0.0259488982543723,0.671344043197833,"Poultry",2011,9
76,0,"4",1,0.180648999269458,0.000326229352216364,0.630853277869697,"Poultry",2011,4
77,0,"5",1,0.156750355908964,0.00122316603798812,0.508244480942264,"Poultry",2011,10
78,0,"6",1,0.393381463888737,0.0865928597468275,0.765971233697585,"Poultry",2011,14
79,0,"7",1,0.494183550900229,0.156854819319976,0.836924526914424,"Poultry",2011,14
80,0,"8",1,0.561846769875824,0.219703852751514,0.879397533277003,"Poultry",2011,10
81,0,"9",1,0.454121885503395,0.143142650194303,0.796700951319551,"Poultry",2011,8
82,0,"10",1,0.705515583667153,0.311715999932132,0.958351419341757,"Poultry",2011,10
83,0,"11",1,0.502069411790109,0.163720969141444,0.827641713215434,"Poultry",2011,17
84,0,"12",1,0.775195356738358,0.415728234492303,0.978664046804227,"Poultry",2011,10
85,0,"1",1,0.700578284668546,0.247071440460686,0.968176667365473,"Poultry",2012,7
86,0,"2",1,0.44002143354682,0.110730894304205,0.809779327010401,"Poultry",2012,10
87,0,"3",1,0.400400187571216,0.0635116839995816,0.830768797367031,"Poultry",2012,10
88,0,"4",1,0.113083869588215,0.000298763900101372,0.483042096785055,"Poultry",2012,3
89,0,"5",1,0.154911391957005,0.00107193780194674,0.617175339363519,"Poultry",2012,6
90,0,"6",1,0.706880890148598,0.28898592999998,0.966201832964241,"Poultry",2012,8
91,0,"7",1,0.601181500626073,0.182185601427001,0.931797234880218,"Poultry",2012,8
92,0,"8",1,0.540284429455603,0.152720370565718,0.89821356411705,"Poultry",2012,9
93,0,"9",1,0.251375003041958,0.0372323831566234,0.589596619567729,"Poultry",2012,15
94,0,"10",1,0.546651159715768,0.202183515388618,0.878781782457925,"Poultry",2012,15
95,0,"11",1,0.54487039899575,0.169076913674911,0.8920813612059,"Poultry",2012,10
96,0,"12",1,0.600989074316643,0.146501556883545,0.963229495246656,"Poultry",2012,10
97,0,"1",1,0.336054804920699,0.0553244880992771,0.731317277237739,"Poultry",2013,14
98,0,"2",1,0.394800264336931,0.0678507499614554,0.804809420613621,"Poultry",2013,3
99,0,"3",1,0.416776120736251,0.0745721063802651,0.848653265837383,"Poultry",2013,8
100,0,"4",1,0.147023509191467,0.000311690695046692,0.648464378142255,"Poultry",2013,1
101,0,"5",1,0.303486561299056,0.00127065938454359,0.805340205888135,"Poultry",2013,3
102,0,"6",1,0.30581744828932,0.0347558871893761,0.716342523346351,"Poultry",2013,8
103,0,"7",1,0.478107098658024,0.110291826953414,0.852647516935347,"Poultry",2013,15
104,0,"8",1,0.466881000041752,0.141691051858827,0.834907626745418,"Poultry",2013,11
105,0,"9",1,0.460473801418923,0.150148000286334,0.809142356017774,"Poultry",2013,17
106,0,"10",1,0.814483982063887,0.492454010953518,0.982007501124781,"Poultry",2013,13
107,0,"11",1,0.46984810148682,0.18960005087893,0.762067338468117,"Poultry",2013,23
108,0,"12",1,0.813237694733102,0.555659426890311,0.97366730714239,"Poultry",2013,28
109,0,"1",1,0.602644400420179,0.202809451327593,0.916496803508609,"Poultry",2014,12
110,0,"2",1,0.586488703976058,0.266292288956503,0.891032064899411,"Poultry",2014,15
111,0,"3",1,0.259662929209439,0.0622947591676649,0.539914443540447,"Poultry",2014,16
112,0,"4",1,0.132238191903293,0.000303164005128666,0.577355136265281,"Poultry",2014,3
113,0,"5",1,0.162022870052364,0.0010184645875635,0.576831201189408,"Poultry",2014,5
114,0,"6",1,0.369522090032949,0.0723740862737484,0.743562635485466,"Poultry",2014,9
115,0,"7",1,0.574271492957141,0.18864599844296,0.912615945734483,"Poultry",2014,12
116,0,"8",1,0.472048836123067,0.216468069640649,0.740171416645469,"Poultry",2014,18
117,0,"9",1,0.265470976628786,0.0579805423486739,0.55650912121277,"Poultry",2014,12
118,0,"10",1,0.674086669472884,0.314590859295715,0.951358598414183,"Poultry",2014,14
119,0,"11",1,0.632593581539273,0.284948240016535,0.90588597992714,"Poultry",2014,19
120,0,"12",1,0.730034715805955,0.392174019305363,0.959052815836306,"Poultry",2014,14
1,1,"1",0,0.709407166343561,0.122855097378285,0.991181870560136,"Poultry",2005,NA
2,1,"2",0,0.902135576807998,0.222068878969622,0.999992135694434,"Poultry",2005,4
3,1,"3",0,0.430098177161444,0.000465595849137039,0.997907211440053,"Poultry",2005,5
4,1,"4",0,0.793689859392537,0.319199216303873,0.999050774305146,"Poultry",2005,7
5,1,"5",0,0.623905633703992,0.0174849442100118,0.995682864691261,"Poultry",2005,16
6,1,"6",0,0.611048846979622,0.00348000748841692,0.998577057361651,"Poultry",2005,5
7,1,"7",0,0.663507624055015,0.0218308999028788,0.999051681347952,"Poultry",2005,5
8,1,"8",0,0.218669588979854,0.000298578566344909,0.924818793078044,"Poultry",2005,11
9,1,"9",0,0.0458629967724602,3.19252351292557e-05,0.304916578067072,"Poultry",2005,12
10,1,"10",0,0.114814603867034,0.000261877435122871,0.551592022267161,"Poultry",2005,16
11,1,"11",0,0.506484608245899,0.0225553419764075,0.975847900662177,"Poultry",2005,36
12,1,"12",0,0.647469922120877,0.0837916772773794,0.999616714552847,"Poultry",2005,20
13,1,"1",0,0.765208198106133,0.231586278241717,0.991264743868397,"Poultry",2006,18
14,1,"2",0,0.901567883296722,0.218373253787953,0.999992014658379,"Poultry",2006,16
15,1,"3",0,0.452049856456427,0.000462980589447912,0.997921776344967,"Poultry",2006,16
16,1,"4",0,0.761662529993928,0.279321141284855,0.998952637337905,"Poultry",2006,9
17,1,"5",0,0.475925104744921,0.00791926583396074,0.995304067651247,"Poultry",2006,24
18,1,"6",0,0.590878811794849,0.0033953204645767,0.998554893014737,"Poultry",2006,23
19,1,"7",0,0.74345229126522,0.0629921092729203,0.99904409228645,"Poultry",2006,14
20,1,"8",0,0.201875323741233,0.000292187622919761,0.867461764813484,"Poultry",2006,15
21,1,"9",0,0.0471765749399951,3.29508370957934e-05,0.315282186328415,"Poultry",2006,10
22,1,"10",0,0.151602954575981,0.000261270706565848,0.726085805468275,"Poultry",2006,11
23,1,"11",0,0.585492696598107,0.0423833767068433,0.983013700356391,"Poultry",2006,23
24,1,"12",0,0.747454312202749,0.159062235715059,0.999633162115108,"Poultry",2006,29
25,1,"1",0,0.668488774079688,0.17415711653321,0.982228350897072,"Poultry",2007,28
26,1,"2",0,0.920866629590831,0.377060507954678,0.999992031235058,"Poultry",2007,17
27,1,"3",0,0.399540361012738,0.000452353419404283,0.997816448103319,"Poultry",2007,10
28,1,"4",0,0.833747762050772,0.354698093952095,0.999086976700706,"Poultry",2007,9
29,1,"5",0,0.442368280516654,0.00780793246825935,0.995039154678266,"Poultry",2007,17
30,1,"6",0,0.689999049852281,0.00429378282203294,0.998629912784556,"Poultry",2007,14
31,1,"7",0,0.635564520672477,0.0200080561526273,0.999028080233724,"Poultry",2007,16
32,1,"8",0,0.176095414741435,0.000286014742815094,0.84712908818933,"Poultry",2007,6
33,1,"9",0,0.0416208622052736,3.18716705876802e-05,0.270160028728263,"Poultry",2007,9
34,1,"10",0,0.21679481072996,0.000255823423334815,0.844988845047516,"Poultry",2007,18
35,1,"11",0,0.37416853761368,0.0175344546773493,0.954159568471141,"Poultry",2007,30
36,1,"12",0,0.733286462296394,0.112187510186982,0.99964191883612,"Poultry",2007,26
37,1,"1",1,0.722637077796492,0.177561898862137,0.986599621315347,"Poultry",2008,4
38,1,"2",1,0.792365495268354,0.188578645678332,0.999971885104019,"Poultry",2008,4
39,1,"3",1,0.456567136507887,0.00689089280010427,0.950588156587791,"Poultry",2008,4
40,1,"4",1,0.082774550934603,1.49624066544396e-06,0.704476641917576,"Poultry",2008,4
41,1,"5",1,0.301204678365077,0.000132154883360406,0.941963981768031,"Poultry",2008,3
42,1,"6",1,0.10074352404478,1.33010309577857e-05,0.641229352617025,"Poultry",2008,3
43,1,"7",1,0.272675602000094,0.00249037866593595,0.874147054660326,"Poultry",2008,6
44,1,"8",1,0.132510437427936,0.000348810149846791,0.468318946760758,"Poultry",2008,27
45,1,"9",1,0.0823484802679308,6.61881991312415e-07,0.541482456093071,"Poultry",2008,12
46,1,"10",1,0.362033597500294,0.00957844259897553,0.909040068261865,"Poultry",2008,4
47,1,"11",1,0.219135062251676,0.00147464446209496,0.785374794797912,"Poultry",2008,6
48,1,"12",1,0.559613003440934,0.0420000218646117,0.986357803057689,"Poultry",2008,14
49,1,"1",1,0.765999161480907,0.355712603193029,0.985230925227888,"Poultry",2009,15
50,1,"2",1,0.781499688459271,0.146222778639455,0.99997330300469,"Poultry",2009,5
51,1,"3",1,0.456695156612924,0.00629752909657541,0.952102825891493,"Poultry",2009,6
52,1,"4",1,0.0744027253978515,1.53183195174824e-06,0.632712147099726,"Poultry",2009,7
53,1,"5",1,0.301879054218529,0.000134329832668183,0.944626770318753,"Poultry",2009,5
54,1,"6",1,0.107557931560173,1.30279652493864e-05,0.684763612362402,"Poultry",2009,9
55,1,"7",1,0.299072958487557,0.00260167604370162,0.877670146388648,"Poultry",2009,5
56,1,"8",1,0.314793415279914,0.000433495659291999,0.851043967868901,"Poultry",2009,9
57,1,"9",1,0.0669097795509094,6.45958221256879e-07,0.470430290877124,"Poultry",2009,7
58,1,"10",1,0.41396504580333,0.0213159452356404,0.860754678292032,"Poultry",2009,13
59,1,"11",1,0.178228888617586,0.00145830683919262,0.651403333943483,"Poultry",2009,7
60,1,"12",1,0.542047115228505,0.0417835722641876,0.986069135426386,"Poultry",2009,17
61,1,"1",1,0.780619981467133,0.322036708096356,0.98788345730444,"Poultry",2010,13
62,1,"2",1,0.716702053585125,0.10598090983701,0.999973075424817,"Poultry",2010,16
63,1,"3",1,0.401007916049568,0.00691698174526745,0.913880906488009,"Poultry",2010,16
64,1,"4",1,0.0782913433961587,1.49388309625618e-06,0.675323919880371,"Poultry",2010,8
65,1,"5",1,0.249505575329878,0.000140459641184209,0.857151306170128,"Poultry",2010,12
66,1,"6",1,0.0948884110591706,1.33114391245447e-05,0.594464110457449,"Poultry",2010,9
67,1,"7",1,0.30721192274186,0.00253477270262148,0.903748900767749,"Poultry",2010,12
68,1,"8",1,0.184299560257581,0.000396733557313097,0.704219770563663,"Poultry",2010,11
69,1,"9",1,0.0844983513997187,6.31083187463973e-07,0.604297444405103,"Poultry",2010,11
70,1,"10",1,0.290702335073193,0.00879529582072003,0.814562724943984,"Poultry",2010,6
71,1,"11",1,0.218821500283605,0.00146846187013436,0.784124961128977,"Poultry",2010,12
72,1,"12",1,0.610151668417124,0.0601592017051994,0.987871292115172,"Poultry",2010,9
73,1,"1",1,0.692973220492182,0.139252046227767,0.986159647477119,"Poultry",2011,7
74,1,"2",1,0.733241139493801,0.103324730750537,0.99997399027046,"Poultry",2011,7
75,1,"3",1,0.403391703502578,0.00721015885144488,0.894629503113255,"Poultry",2011,9
76,1,"4",1,0.0829958145290429,1.50606843721561e-06,0.701041788085558,"Poultry",2011,4
77,1,"5",1,0.276284696539369,0.000153019829197071,0.917939497152385,"Poultry",2011,10
78,1,"6",1,0.0892265509057216,1.26909306339908e-05,0.559054769321905,"Poultry",2011,14
79,1,"7",1,0.221031852374615,0.002222704168443,0.747618450959581,"Poultry",2011,14
80,1,"8",1,0.263105200667958,0.000420398474715344,0.771291238048912,"Poultry",2011,10
81,1,"9",1,0.0666589765169761,6.30074373022439e-07,0.464741659374074,"Poultry",2011,8
82,1,"10",1,0.290265307208208,0.00853700854631879,0.81061990615258,"Poultry",2011,10
83,1,"11",1,0.18278841943182,0.00140693660080639,0.676132777272356,"Poultry",2011,17
84,1,"12",1,0.496943723965425,0.0293853585914081,0.985903042823829,"Poultry",2011,10
85,1,"1",1,0.706518730053781,0.220012736151608,0.983936095413964,"Poultry",2012,7
86,1,"2",1,0.748081032440717,0.0942400897321232,0.999974165326,"Poultry",2012,10
87,1,"3",1,0.297578296908403,0.00575115285163657,0.856151194507843,"Poultry",2012,10
88,1,"4",1,0.0823825973344948,1.59290781575829e-06,0.708163096769313,"Poultry",2012,3
89,1,"5",1,0.369948178334425,0.000149213199215452,0.95300342923356,"Poultry",2012,6
90,1,"6",1,0.130179134094722,1.36007669564019e-05,0.722686836222523,"Poultry",2012,8
91,1,"7",1,0.318585305664666,0.00263232880307413,0.909888498836563,"Poultry",2012,8
92,1,"8",1,0.172041373408173,0.000390333517845253,0.593085118178762,"Poultry",2012,9
93,1,"9",1,0.0957520794396482,9.45060331581127e-07,0.564809475990868,"Poultry",2012,15
94,1,"10",1,0.317060122261048,0.00927497656834871,0.84844328019727,"Poultry",2012,15
95,1,"11",1,0.207135935770965,0.00154791227924476,0.69139629355224,"Poultry",2012,10
96,1,"12",1,0.53957011548489,0.0466482809232125,0.983733277766891,"Poultry",2012,10
97,1,"1",1,0.646306817884757,0.0954880218477924,0.984570443020346,"Poultry",2013,14
98,1,"2",1,0.74787014106287,0.096788686135345,0.999974137939573,"Poultry",2013,3
99,1,"3",1,0.446952923033792,0.0100648584120571,0.925877125236945,"Poultry",2013,8
100,1,"4",1,0.0822861963258921,1.55833169839453e-06,0.705102609554857,"Poultry",2013,1
101,1,"5",1,0.302168452724395,0.000137700772762616,0.943005911216011,"Poultry",2013,3
102,1,"6",1,0.0755576029346973,1.32105979787925e-05,0.451244550841931,"Poultry",2013,8
103,1,"7",1,0.365516792075006,0.0036089600547627,0.935676717653683,"Poultry",2013,15
104,1,"8",1,0.158178965360423,0.000403819012264075,0.601414496356173,"Poultry",2013,11
105,1,"9",1,0.0716315240023468,6.02820807625216e-07,0.475055109761531,"Poultry",2013,17
106,1,"10",1,0.400643466344376,0.0123761672359969,0.912091281375167,"Poultry",2013,13
107,1,"11",1,0.127710364562148,0.00139154887160886,0.473413320299137,"Poultry",2013,23
108,1,"12",1,0.644171345716194,0.0814704675178367,0.987955998605553,"Poultry",2013,28
109,1,"1",1,0.679242753682012,0.130414757779732,0.985483555280034,"Poultry",2014,12
110,1,"2",1,0.748036370233682,0.0943930326820656,0.999973530712162,"Poultry",2014,15
111,1,"3",1,0.459581868608676,0.00673568651959505,0.950319478049234,"Poultry",2014,16
112,1,"4",1,0.0674299178337344,1.5564688718795e-06,0.553062921270486,"Poultry",2014,3
113,1,"5",1,0.302572159897068,0.00013586944851677,0.943600063734208,"Poultry",2014,5
114,1,"6",1,0.10123734707395,1.27300813457073e-05,0.64368103598736,"Poultry",2014,9
115,1,"7",1,0.388544600382172,0.00340202575526036,0.925122747533071,"Poultry",2014,12
116,1,"8",1,0.199064565448164,0.000672964953599515,0.6477388015579,"Poultry",2014,18
117,1,"9",1,0.0653446790545393,6.43382311596887e-07,0.454877472713601,"Poultry",2014,12
118,1,"10",1,0.453892411969514,0.0203036535625322,0.927898677913658,"Poultry",2014,14
119,1,"11",1,0.371734205798153,0.00215151102176787,0.83407229702494,"Poultry",2014,19
120,1,"12",1,0.475615308201906,0.0469544791669795,0.975319430891494,"Poultry",2014,14
1,0,"1",0,0.11169296966456,0.00352914212226016,0.503955056434391,"Ruminants",2005,NA
2,0,"2",0,0.0807137874583596,0.000109766557395472,0.501119751252843,"Ruminants",2005,4
3,0,"3",0,0.237186029870872,0.0113651966356174,0.708110277680205,"Ruminants",2005,5
4,0,"4",0,0.113894089531807,0.000186410779312444,0.640647088226331,"Ruminants",2005,7
5,0,"5",0,0.485063431728992,0.0406656838507839,0.907200552497796,"Ruminants",2005,16
6,0,"6",0,0.224495245281907,0.00244502618761217,0.746724737018859,"Ruminants",2005,5
7,0,"7",0,0.197273418479058,0.00493961453556195,0.625667209668219,"Ruminants",2005,5
8,0,"8",0,0.0936091055965224,0.000948939988879894,0.398597951009131,"Ruminants",2005,11
9,0,"9",0,0.130858251160823,0.00177895548191858,0.476401594342409,"Ruminants",2005,12
10,0,"10",0,0.143237551362985,0.00234034848441195,0.479241553290442,"Ruminants",2005,16
11,0,"11",0,0.130747698876947,0.0034459089534947,0.350860299980457,"Ruminants",2005,36
12,0,"12",0,0.0310414826820815,5.86187437205489e-05,0.167693263225793,"Ruminants",2005,20
13,0,"1",0,0.195376999902094,0.0217664899988697,0.51346367181792,"Ruminants",2006,18
14,0,"2",0,0.0893787026695586,0.000112592022482851,0.379955681652354,"Ruminants",2006,16
15,0,"3",0,0.306276341267598,0.0344480895612081,0.677597519244877,"Ruminants",2006,16
16,0,"4",0,0.078963020187679,0.000181034531970228,0.432692299406077,"Ruminants",2006,9
17,0,"5",0,0.198852429282827,0.0218585959595379,0.482827941609219,"Ruminants",2006,24
18,0,"6",0,0.137978755322586,0.00273732934965702,0.416097086497519,"Ruminants",2006,23
19,0,"7",0,0.154375181238416,0.00443629351553533,0.504258933032733,"Ruminants",2006,14
20,0,"8",0,0.138187860297926,0.00105284160321703,0.479711140985373,"Ruminants",2006,15
21,0,"9",0,0.0887315687319535,0.00160604004109036,0.364258834982904,"Ruminants",2006,10
22,0,"10",0,0.118086402813,0.00298957531462816,0.410441885587006,"Ruminants",2006,11
23,0,"11",0,0.0481761031402523,0.00142852985326834,0.183067159518939,"Ruminants",2006,23
24,0,"12",0,0.0326355926329575,5.87216111752519e-05,0.158082956275179,"Ruminants",2006,29
25,0,"1",0,0.0404017436030871,0.00249473999762417,0.143272721913005,"Ruminants",2007,28
26,0,"2",0,0.0386171732907696,0.000110231699830193,0.191414664745981,"Ruminants",2007,17
27,0,"3",0,0.282997928730188,0.0355891694363043,0.655920528825991,"Ruminants",2007,10
28,0,"4",0,0.136568713351132,0.000184600783446852,0.668290512131283,"Ruminants",2007,9
29,0,"5",0,0.347201364662134,0.0525004258104951,0.699140941484845,"Ruminants",2007,17
30,0,"6",0,0.269797889082736,0.00463918859628999,0.645782926018039,"Ruminants",2007,14
31,0,"7",0,0.380587410158677,0.0235391421401662,0.781090547177447,"Ruminants",2007,16
32,0,"8",0,0.127950045866937,0.00105493035475338,0.540610327337832,"Ruminants",2007,6
33,0,"9",0,0.176478753949662,0.00225307382342001,0.60165396941699,"Ruminants",2007,9
34,0,"10",0,0.101814413868917,0.00175282402099333,0.37364639273811,"Ruminants",2007,18
35,0,"11",0,0.0618157789200346,0.00110983452008231,0.245590684702978,"Ruminants",2007,30
36,0,"12",0,0.0440098357776768,5.80101787355836e-05,0.209164558569775,"Ruminants",2007,26
37,0,"1",1,0.279719975713489,0.0215215228952578,0.760262791746882,"Ruminants",2008,4
38,0,"2",1,0.651504658546151,0.165968834413052,0.964202025715939,"Ruminants",2008,4
39,0,"3",1,0.740747546914105,0.322616682921596,0.971333375165898,"Ruminants",2008,4
40,0,"4",1,0.857990139208488,0.415516318614041,0.999154996815437,"Ruminants",2008,4
41,0,"5",1,0.82115362799852,0.311348895843036,0.997224703424074,"Ruminants",2008,3
42,0,"6",1,0.561651790897526,0.0861845908053801,0.949795513083183,"Ruminants",2008,3
43,0,"7",1,0.177974505434517,0.012762618591715,0.535262134370608,"Ruminants",2008,6
44,0,"8",1,0.736129313431267,0.469822156229776,0.932663625844225,"Ruminants",2008,27
45,0,"9",1,0.666380991019178,0.296365851898042,0.942432661981961,"Ruminants",2008,12
46,0,"10",1,0.185703300191191,0.00865994275404835,0.60387449811909,"Ruminants",2008,4
47,0,"11",1,0.216907471107384,0.0194669323045435,0.57822243738896,"Ruminants",2008,6
48,0,"12",1,0.135176543020651,0.00179763420718931,0.477636390577406,"Ruminants",2008,14
49,0,"1",1,0.16137011893811,0.0138958610371554,0.460396183943314,"Ruminants",2009,15
50,0,"2",1,0.428508532237406,0.0482851387148774,0.906039593704859,"Ruminants",2009,5
51,0,"3",1,0.492545180926472,0.101605828323455,0.884672607020042,"Ruminants",2009,6
52,0,"4",1,0.781896468980045,0.297318294354334,0.999079594773645,"Ruminants",2009,7
53,0,"5",1,0.782325326716268,0.23389077171213,0.997039907229067,"Ruminants",2009,5
54,0,"6",1,0.559452787705262,0.146141561099604,0.922962177012057,"Ruminants",2009,9
55,0,"7",1,0.24042882365084,0.0214634148783857,0.667031967138169,"Ruminants",2009,5
56,0,"8",1,0.468767662246427,0.113267731036346,0.840805540813118,"Ruminants",2009,9
57,0,"9",1,0.407825163624186,0.0639459216768804,0.814283902421857,"Ruminants",2009,7
58,0,"10",1,0.158990346647091,0.0111695224817702,0.465783244879239,"Ruminants",2009,13
59,0,"11",1,0.4125461618667,0.0538209909835304,0.863424587201378,"Ruminants",2009,7
60,0,"12",1,0.11377834060031,0.00171044592014059,0.400923811084879,"Ruminants",2009,17
61,0,"1",1,0.26880142724886,0.0378793566320728,0.621397043562,"Ruminants",2010,13
62,0,"2",1,0.525284643144684,0.12599554883649,0.902293820296861,"Ruminants",2010,16
63,0,"3",1,0.570883256148725,0.267831635697599,0.845896223651878,"Ruminants",2010,16
64,0,"4",1,0.863560601702578,0.471998000033597,0.99917868965163,"Ruminants",2010,8
65,0,"5",1,0.877788638975581,0.550269529209663,0.997315765407635,"Ruminants",2010,12
66,0,"6",1,0.312083878519647,0.0328122963590632,0.750957701650874,"Ruminants",2010,9
67,0,"7",1,0.174903373076804,0.015858293668164,0.502103765123758,"Ruminants",2010,12
68,0,"8",1,0.50365357475076,0.130635858046308,0.873122540777457,"Ruminants",2010,11
69,0,"9",1,0.622916546695632,0.291420894984826,0.901309938224196,"Ruminants",2010,11
70,0,"10",1,0.177187813383635,0.013157722624631,0.49590544245089,"Ruminants",2010,6
71,0,"11",1,0.382911715883618,0.0648071126652439,0.750467029969007,"Ruminants",2010,12
72,0,"12",1,0.0955069601016668,0.00175467801535976,0.355218694993507,"Ruminants",2010,9
73,0,"1",1,0.21827599507715,0.0218485375947035,0.556870644828329,"Ruminants",2011,7
74,0,"2",1,0.675060106299431,0.218117011376812,0.964926002819242,"Ruminants",2011,7
75,0,"3",1,0.709520715932181,0.295026173970879,0.961747500465733,"Ruminants",2011,9
76,0,"4",1,0.797530710852698,0.319945704721291,0.999081840815862,"Ruminants",2011,4
77,0,"5",1,0.832528723121536,0.476511220037575,0.996636582095186,"Ruminants",2011,10
78,0,"6",1,0.590529914783776,0.220221356689108,0.902496258777208,"Ruminants",2011,14
79,0,"7",1,0.392382679607792,0.0771186654262969,0.754829676775958,"Ruminants",2011,14
80,0,"8",1,0.32715776608129,0.0587526671278555,0.673636933248359,"Ruminants",2011,10
81,0,"9",1,0.48928565111974,0.160639585901588,0.814764588729895,"Ruminants",2011,8
82,0,"10",1,0.19982444079487,0.0132703184984039,0.578578790093896,"Ruminants",2011,10
83,0,"11",1,0.308532366294945,0.0595043588022324,0.620195714378029,"Ruminants",2011,17
84,0,"12",1,0.142937394290394,0.00223304045380988,0.466050074298388,"Ruminants",2011,10
85,0,"1",1,0.256812653444557,0.019571227244596,0.705032536394444,"Ruminants",2012,7
86,0,"2",1,0.534822664858377,0.164203541283185,0.874620829762955,"Ruminants",2012,10
87,0,"3",1,0.560182288474087,0.144419534142391,0.909247816943904,"Ruminants",2012,10
88,0,"4",1,0.872995888838019,0.48134535384561,0.9991492590403,"Ruminants",2012,3
89,0,"5",1,0.833651102024161,0.366835465737993,0.997219331896489,"Ruminants",2012,6
90,0,"6",1,0.272788106645774,0.0283779765860125,0.680682406441353,"Ruminants",2012,8
91,0,"7",1,0.307658639825496,0.0310535492517717,0.744306929588872,"Ruminants",2012,8
92,0,"8",1,0.347514129232899,0.0472519979118803,0.754410781287621,"Ruminants",2012,9
93,0,"9",1,0.700355905595624,0.352858043228476,0.942357663216516,"Ruminants",2012,15
94,0,"10",1,0.33309410123927,0.047616369665986,0.681518668355054,"Ruminants",2012,15
95,0,"11",1,0.288898515552889,0.0324476968758846,0.674308215822852,"Ruminants",2012,10
96,0,"12",1,0.256275518386631,0.00336211811511897,0.697105447542325,"Ruminants",2012,10
97,0,"1",1,0.623587980726692,0.226203792129714,0.925164557806406,"Ruminants",2013,14
98,0,"2",1,0.585818961528292,0.180130671524522,0.92171858430371,"Ruminants",2013,3
99,0,"3",1,0.547116053004163,0.129169050353922,0.902755082152957,"Ruminants",2013,8
100,0,"4",1,0.838724433143204,0.327821106996069,0.999148930454424,"Ruminants",2013,1
101,0,"5",1,0.681963722121902,0.183224947625887,0.996211848758429,"Ruminants",2013,3
102,0,"6",1,0.676591289245803,0.265435864470267,0.958976921219021,"Ruminants",2013,8
103,0,"7",1,0.445164707661132,0.0895515630164478,0.836367699362467,"Ruminants",2013,15
104,0,"8",1,0.394077120181254,0.0878444003006844,0.738822628269172,"Ruminants",2013,11
105,0,"9",1,0.487070512216122,0.151635840169914,0.807153479788335,"Ruminants",2013,17
106,0,"10",1,0.137434730028581,0.0066360019368533,0.438368516548793,"Ruminants",2013,13
107,0,"11",1,0.233094467434009,0.0579825558936867,0.462667266359252,"Ruminants",2013,23
108,0,"12",1,0.0808109918186211,0.00256717945449024,0.251223139024307,"Ruminants",2013,28
109,0,"1",1,0.353857504897012,0.0611191031051107,0.755283591520091,"Ruminants",2014,12
110,0,"2",1,0.393370418363312,0.0967031593714969,0.712718834800685,"Ruminants",2014,15
111,0,"3",1,0.686422200914334,0.403795451501107,0.904448939257936,"Ruminants",2014,16
112,0,"4",1,0.854046097315703,0.394869445426311,0.999144924447578,"Ruminants",2014,3
113,0,"5",1,0.826448872874695,0.407898678702192,0.997138156615978,"Ruminants",2014,5
114,0,"6",1,0.61355880404543,0.240197812357752,0.918371106964997,"Ruminants",2014,9
115,0,"7",1,0.326685765152857,0.0413953921661154,0.711242311145684,"Ruminants",2014,12
116,0,"8",1,0.430791491577722,0.166225134927517,0.705078130338261,"Ruminants",2014,18
117,0,"9",1,0.615249307886795,0.308779464049903,0.870135309204414,"Ruminants",2014,12
118,0,"10",1,0.225456965910033,0.0176445151055551,0.56190485423231,"Ruminants",2014,14
119,0,"11",1,0.219894512220424,0.0266917248615293,0.531225477378368,"Ruminants",2014,19
120,0,"12",1,0.134175504354587,0.00331418600187413,0.421515695596308,"Ruminants",2014,14
1,1,"1",0,0.283722969989193,0.00772212903089364,0.872529409845102,"Ruminants",2005,NA
2,1,"2",0,0.0801295480963924,1.69812753980412e-06,0.718754941519456,"Ruminants",2005,4
3,1,"3",0,0.559114570028903,0.00153855727715678,0.999322666978434,"Ruminants",2005,5
4,1,"4",0,0.200251805358171,0.000694647933273305,0.672063840073669,"Ruminants",2005,7
5,1,"5",0,0.358833720705925,0.0027953801421515,0.974951000776909,"Ruminants",2005,16
6,1,"6",0,0.382204048490932,0.00114859160984617,0.995506273234805,"Ruminants",2005,5
7,1,"7",0,0.321920540111949,0.000574203407912813,0.973534930943481,"Ruminants",2005,5
8,1,"8",0,0.76994419875196,0.0674065582161919,0.99949578714365,"Ruminants",2005,11
9,1,"9",0,0.940729259926687,0.640344192262241,0.999882680134502,"Ruminants",2005,12
10,1,"10",0,0.876840840194786,0.426239717120269,0.999572750384586,"Ruminants",2005,16
11,1,"11",0,0.483865584890511,0.0207626779372704,0.97369361095807,"Ruminants",2005,36
12,1,"12",0,0.309178713593588,0.000141012092124955,0.90187307393278,"Ruminants",2005,20
13,1,"1",0,0.228716095951768,0.00765540174842713,0.76152199769836,"Ruminants",2006,18
14,1,"2",0,0.0803209206748848,1.67103847380352e-06,0.720876503602456,"Ruminants",2006,16
15,1,"3",0,0.53775686841627,0.00155938687293776,0.999307707031871,"Ruminants",2006,16
16,1,"4",0,0.231421645970294,0.000751617790089266,0.713190118603591,"Ruminants",2006,9
17,1,"5",0,0.506097096278088,0.00301822367798529,0.988772529877397,"Ruminants",2006,24
18,1,"6",0,0.403142660271898,0.00116943274542024,0.995657727363066,"Ruminants",2006,23
19,1,"7",0,0.243745367945855,0.00055988543755131,0.926496612741815,"Ruminants",2006,14
20,1,"8",0,0.78816957319124,0.120872247887025,0.999488657601059,"Ruminants",2006,15
21,1,"9",0,0.937429136181699,0.61243853351632,0.999879393888488,"Ruminants",2006,10
22,1,"10",0,0.839190172642496,0.2563980222069,0.999563474640641,"Ruminants",2006,11
23,1,"11",0,0.404065899747016,0.014418841605014,0.952434359097953,"Ruminants",2006,23
24,1,"12",0,0.230517410877731,0.000133169718072604,0.826647825757735,"Ruminants",2006,29
25,1,"1",0,0.324487345796506,0.0161662976084393,0.819687344221459,"Ruminants",2007,28
26,1,"2",0,0.0636733629995531,1.68324682237508e-06,0.545496276369606,"Ruminants",2007,17
27,1,"3",0,0.590197286494149,0.00162509204900131,0.999341603282034,"Ruminants",2007,10
28,1,"4",0,0.160293711868015,0.000635457699529126,0.635390415190709,"Ruminants",2007,9
29,1,"5",0,0.539025975777709,0.00322799610012832,0.989106745478826,"Ruminants",2007,17
30,1,"6",0,0.303578143261158,0.00111988423847426,0.994329485042533,"Ruminants",2007,14
31,1,"7",0,0.351668015829002,0.000563989951762854,0.975166070026907,"Ruminants",2007,16
32,1,"8",0,0.81376315797787,0.138193602027452,0.999498151329179,"Ruminants",2007,6
33,1,"9",0,0.945750843388668,0.682285175844313,0.999879066338068,"Ruminants",2007,9
34,1,"10",0,0.774015302128435,0.146176471103892,0.999567602977127,"Ruminants",2007,18
35,1,"11",0,0.61634294889817,0.0396340462385391,0.979568534004551,"Ruminants",2007,30
36,1,"12",0,0.231311924465793,0.000129367627083556,0.8615919464927,"Ruminants",2007,26
37,1,"1",1,0.231172332491031,0.00751069005457734,0.773378421926426,"Ruminants",2008,4
38,1,"2",1,0.095194650852528,1.85308433703148e-06,0.607948430992243,"Ruminants",2008,4
39,1,"3",1,0.529261378197528,0.0442668173789657,0.988569704212581,"Ruminants",2008,4
40,1,"4",1,0.903696693961401,0.260890704893224,0.999993702795343,"Ruminants",2008,4
41,1,"5",1,0.523394938049277,0.0225615134868221,0.983607932500029,"Ruminants",2008,3
42,1,"6",1,0.888362245249622,0.338480218515777,0.999956486568192,"Ruminants",2008,3
43,1,"7",1,0.536841029248614,0.019439346968982,0.956130614726822,"Ruminants",2008,6
44,1,"8",1,0.812154892757826,0.446145705262996,0.988802336837626,"Ruminants",2008,27
45,1,"9",1,0.845438236848737,0.376206638779693,0.999805425131559,"Ruminants",2008,12
46,1,"10",1,0.62121879984769,0.0815049769073139,0.98646916657923,"Ruminants",2008,4
47,1,"11",1,0.764307516197799,0.199696692857067,0.996345791422609,"Ruminants",2008,6
48,1,"12",1,0.38716297421453,0.00196559941411572,0.91941968714655,"Ruminants",2008,14
49,1,"1",1,0.193856564250794,0.00840556776236207,0.582883622502659,"Ruminants",2009,15
50,1,"2",1,0.10049478927764,1.84741058122117e-06,0.656655412756015,"Ruminants",2009,5
51,1,"3",1,0.52896835950989,0.0434774907372966,0.989450924307563,"Ruminants",2009,6
52,1,"4",1,0.913355049646287,0.328464196767692,0.999993907759462,"Ruminants",2009,7
53,1,"5",1,0.523160849899628,0.0219213340677242,0.983140314960648,"Ruminants",2009,5
54,1,"6",1,0.880514116926637,0.293064143980016,0.999956795963152,"Ruminants",2009,9
55,1,"7",1,0.521111945721338,0.0200835884081751,0.95277217266685,"Ruminants",2009,5
56,1,"8",1,0.599466937358164,0.096806181349903,0.981168726686719,"Ruminants",2009,9
57,1,"9",1,0.862612128983385,0.404232903442234,0.999800017910878,"Ruminants",2009,7
58,1,"10",1,0.570317585124763,0.129793534892442,0.971746809524581,"Ruminants",2009,13
59,1,"11",1,0.806391660861226,0.32655759605285,0.996404895406167,"Ruminants",2009,7
60,1,"12",1,0.406329902586687,0.00185804975789111,0.920340962640351,"Ruminants",2009,17
61,1,"1",1,0.179143652569384,0.0067267206012824,0.616741377557536,"Ruminants",2010,13
62,1,"2",1,0.115652498797466,2.02381880304849e-06,0.70028841458181,"Ruminants",2010,16
63,1,"3",1,0.585141444026712,0.0784706729581786,0.988480849467478,"Ruminants",2010,16
64,1,"4",1,0.909806115965568,0.294382268237718,0.999994274719754,"Ruminants",2010,8
65,1,"5",1,0.617381552743973,0.0666618522666918,0.979189719033762,"Ruminants",2010,12
66,1,"6",1,0.894406193223947,0.387671721345469,0.999955881324969,"Ruminants",2010,9
67,1,"7",1,0.509541075566876,0.0175613697271041,0.954442410907143,"Ruminants",2010,12
68,1,"8",1,0.747905141377074,0.218142907072237,0.988137903328024,"Ruminants",2010,11
69,1,"9",1,0.848056790093942,0.322112032538272,0.999799381683801,"Ruminants",2010,11
70,1,"10",1,0.693991409308153,0.171382523334469,0.98796034323011,"Ruminants",2010,6
71,1,"11",1,0.764587184181703,0.200031408405538,0.996270361249924,"Ruminants",2010,12
72,1,"12",1,0.324587282987394,0.00188902346638386,0.879806863431896,"Ruminants",2010,9
73,1,"1",1,0.25612564071321,0.00795183651430125,0.815373114151433,"Ruminants",2011,7
74,1,"2",1,0.127733388643483,1.84898668550906e-06,0.727059101087027,"Ruminants",2011,7
75,1,"3",1,0.581726751089755,0.0961247820243765,0.988046978473414,"Ruminants",2011,9
76,1,"4",1,0.903520254393572,0.264088065346568,0.999994096891337,"Ruminants",2011,4
77,1,"5",1,0.508189003307954,0.0279346715453101,0.976535578371695,"Ruminants",2011,10
78,1,"6",1,0.900791678679648,0.421925311622063,0.999958031354882,"Ruminants",2011,14
79,1,"7",1,0.613363124206718,0.0439365407000093,0.963950380020514,"Ruminants",2011,14
80,1,"8",1,0.654347687584254,0.156852116698068,0.982231671656652,"Ruminants",2011,10
81,1,"9",1,0.862826713093514,0.408299224811856,0.999792358370342,"Ruminants",2011,8
82,1,"10",1,0.693554925245846,0.171919387117698,0.988178467297861,"Ruminants",2011,10
83,1,"11",1,0.801916259171553,0.304467573578461,0.99637557187265,"Ruminants",2011,17
84,1,"12",1,0.449479169464447,0.0019118917313462,0.942146777675933,"Ruminants",2011,10
85,1,"1",1,0.198370094952687,0.00889419495904393,0.639161285513214,"Ruminants",2012,7
86,1,"2",1,0.115550482900257,1.94763155958288e-06,0.739734699197384,"Ruminants",2012,10
87,1,"3",1,0.689651140635324,0.133398995300183,0.99079221323752,"Ruminants",2012,10
88,1,"4",1,0.904099433448253,0.254685473121018,0.999993762923115,"Ruminants",2012,3
89,1,"5",1,0.452844307038999,0.0203963988806699,0.970153609580691,"Ruminants",2012,6
90,1,"6",1,0.857241142918269,0.262719069419355,0.999954481425517,"Ruminants",2012,8
91,1,"7",1,0.479192968366276,0.0159914571094755,0.948483735843056,"Ruminants",2012,8
92,1,"8",1,0.758349123025234,0.305708087561965,0.987491997647496,"Ruminants",2012,9
93,1,"9",1,0.785187409086745,0.333066786323116,0.999771992818258,"Ruminants",2012,15
94,1,"10",1,0.668583268196253,0.138341325762303,0.98705949774662,"Ruminants",2012,15
95,1,"11",1,0.777607212315784,0.292536486973203,0.995966825643156,"Ruminants",2012,10
96,1,"12",1,0.344089702598044,0.00232229496207874,0.871386251926189,"Ruminants",2012,10
97,1,"1",1,0.309700864613614,0.00882883724302712,0.873320228450702,"Ruminants",2013,14
98,1,"2",1,0.115642418149473,1.90355174860247e-06,0.742044876289637,"Ruminants",2013,3
99,1,"3",1,0.538858507872591,0.0669040906042094,0.982303539742648,"Ruminants",2013,8
100,1,"4",1,0.90419170570245,0.255302449216731,0.999994060661853,"Ruminants",2013,1
101,1,"5",1,0.52307469263864,0.0227762049065728,0.982855094590907,"Ruminants",2013,3
102,1,"6",1,0.914307627347523,0.524488862730104,0.999956994730147,"Ruminants",2013,8
103,1,"7",1,0.302716605260891,0.0128758842985122,0.79270454979719,"Ruminants",2013,15
104,1,"8",1,0.772926088572731,0.297336396116178,0.988085752200784,"Ruminants",2013,11
105,1,"9",1,0.871717845223981,0.455942846911754,0.999803068144638,"Ruminants",2013,17
106,1,"10",1,0.58393793138381,0.0796650081519114,0.982517847224525,"Ruminants",2013,13
107,1,"11",1,0.859703371023822,0.508636884599767,0.996615678521372,"Ruminants",2013,23
108,1,"12",1,0.306788833481799,0.00171585168341031,0.85811155957756,"Ruminants",2013,28
109,1,"1",1,0.278959256375104,0.00816274569409763,0.835510468454273,"Ruminants",2014,12
110,1,"2",1,0.115354817382553,1.90213578739138e-06,0.731963328691602,"Ruminants",2014,15
111,1,"3",1,0.526960048443392,0.0446939021881405,0.988634351219383,"Ruminants",2014,16
112,1,"4",1,0.921587964083106,0.40954562016226,0.999993903420028,"Ruminants",2014,3
113,1,"5",1,0.522381008331609,0.0217795994036465,0.983199008822935,"Ruminants",2014,5
114,1,"6",1,0.887682743323884,0.333857211387907,0.999956346308469,"Ruminants",2014,9
115,1,"7",1,0.437048899867134,0.0154830724881256,0.920675109569921,"Ruminants",2014,12
116,1,"8",1,0.661213735234165,0.180670273538125,0.969852891581466,"Ruminants",2014,18
117,1,"9",1,0.866895372484653,0.433578683898653,0.999791499894651,"Ruminants",2014,12
118,1,"10",1,0.530232765563092,0.0641893396792152,0.972645486353512,"Ruminants",2014,14
119,1,"11",1,0.610634124128145,0.155126517763574,0.99310096746035,"Ruminants",2014,19
120,1,"12",1,0.460946632492075,0.00243023612544253,0.907007915230156,"Ruminants",2014,14
1,0,"1",0,0.00593725081733397,1.62423020738565e-06,0.0474590577359013,"Water",2005,NA
2,0,"2",0,0.00401265884471933,1.58348546309529e-08,0.0343305998294632,"Water",2005,4
3,0,"3",0,0.00648510832862989,6.78563823726981e-08,0.0591274216613027,"Water",2005,5
4,0,"4",0,0.00301765890296004,8.35322270413089e-09,0.0267086167583268,"Water",2005,7
5,0,"5",0,0.00371234899993417,7.93753480508133e-08,0.0340225664555472,"Water",2005,16
6,0,"6",0,0.00303805408217842,1.81070130223166e-08,0.0278949803294836,"Water",2005,5
7,0,"7",0,0.00593597946386317,8.52475634877101e-08,0.0522342585379279,"Water",2005,5
8,0,"8",0,0.00458662128592724,5.70996897025153e-08,0.0407503630459149,"Water",2005,11
9,0,"9",0,0.0141331163315558,8.19866621791288e-08,0.107990449425401,"Water",2005,12
10,0,"10",0,0.0164947456864891,4.50533660397648e-07,0.116034159011234,"Water",2005,16
11,0,"11",0,0.0169441831943007,3.36747926653751e-07,0.108218502808015,"Water",2005,36
12,0,"12",0,0.00303710938252086,3.48834042761032e-08,0.0270442124874068,"Water",2005,20
13,0,"1",0,0.0108516847077482,2.91536635541795e-06,0.0904641601217187,"Water",2006,18
14,0,"2",0,0.00328622657963976,1.84030416418192e-08,0.0312812638458843,"Water",2006,16
15,0,"3",0,0.00456673465114873,7.85728846834582e-08,0.0420001685358995,"Water",2006,16
16,0,"4",0,0.00257152317156662,8.38821118460546e-09,0.0235066895010257,"Water",2006,9
17,0,"5",0,0.00241522794560212,6.62636453798352e-08,0.0213070727651103,"Water",2006,24
18,0,"6",0,0.00229285458269958,1.67265731267641e-08,0.0213343201160717,"Water",2006,23
19,0,"7",0,0.00481927349306801,7.35576818034888e-08,0.0425761053696054,"Water",2006,14
20,0,"8",0,0.00549888627467202,7.02354852110636e-08,0.0485583998444827,"Water",2006,15
21,0,"9",0,0.0153431608104493,6.78718617093675e-08,0.125739667729628,"Water",2006,10
22,0,"10",0,0.0274182610826313,5.57025894349509e-07,0.172758098126008,"Water",2006,11
23,0,"11",0,0.0116669424609972,1.95633669174081e-07,0.0899587229165987,"Water",2006,23
24,0,"12",0,0.00319050620250379,3.55910710173496e-08,0.027971678005322,"Water",2006,29
25,0,"1",0,0.00389890650551336,1.22016570103679e-06,0.0333702764921835,"Water",2007,28
26,0,"2",0,0.00242395511288138,1.44490660570096e-08,0.0224478381335424,"Water",2007,17
27,0,"3",0,0.00512427465760292,7.82405738046188e-08,0.0474047359717329,"Water",2007,10
28,0,"4",0,0.00292622849310655,9.25462235076056e-09,0.0272871434454437,"Water",2007,9
29,0,"5",0,0.00289572985626869,8.14454518712775e-08,0.0254202792448708,"Water",2007,17
30,0,"6",0,0.00345197011124208,2.31378915659111e-08,0.0320442924766705,"Water",2007,14
31,0,"7",0,0.00700188645707716,1.07173513497367e-07,0.0603942271369711,"Water",2007,16
32,0,"8",0,0.00591878701220817,6.70727848451627e-08,0.0535432889048607,"Water",2007,6
33,0,"9",0,0.0353711744068838,9.06398806542624e-08,0.261807292760942,"Water",2007,9
34,0,"10",0,0.0122714388976328,3.71971658607501e-07,0.0838108716126742,"Water",2007,18
35,0,"11",0,0.00779814741733335,1.60231826271495e-07,0.0584625251600043,"Water",2007,30
36,0,"12",0,0.00357384940711173,3.82121481135242e-08,0.0316305385073644,"Water",2007,26
37,0,"1",1,0.0235522385675378,6.52977427599807e-07,0.156927631824454,"Water",2008,4
38,0,"2",1,0.011180887948168,3.45633862294939e-09,0.0928038688522095,"Water",2008,4
39,0,"3",1,0.00953879535918365,7.4628283751218e-09,0.0796020300446538,"Water",2008,4
40,0,"4",1,0.00788623342729736,4.75610286611363e-10,0.0806213338763552,"Water",2008,4
41,0,"5",1,0.00596475340058945,3.47410348362464e-09,0.0526782606154535,"Water",2008,3
42,0,"6",1,0.0115652398333467,1.24503829273461e-09,0.0994964104975371,"Water",2008,3
43,0,"7",1,0.0426308220184524,2.6344307125614e-08,0.244823819191899,"Water",2008,6
44,0,"8",1,0.0249626723477774,2.23192417229956e-08,0.123641067775262,"Water",2008,27
45,0,"9",1,0.0294691167528376,3.02817403245419e-08,0.166064190220011,"Water",2008,12
46,0,"10",1,0.0387255482179703,2.18064465437076e-08,0.210864647031984,"Water",2008,4
47,0,"11",1,0.0410739359192248,4.59305818952733e-08,0.247735243702028,"Water",2008,6
48,0,"12",1,0.0317527039165754,3.20722787853663e-08,0.181913362643856,"Water",2008,14
49,0,"1",1,0.0229084153591238,6.05810156214897e-07,0.157964708622256,"Water",2009,15
50,0,"2",1,0.0111729891911594,3.52002105702745e-09,0.0925065852484745,"Water",2009,5
51,0,"3",1,0.00994145018514673,8.72006557672994e-09,0.0822568423759397,"Water",2009,6
52,0,"4",1,0.0069470205291153,5.914204947794e-10,0.070622028438525,"Water",2009,7
53,0,"5",1,0.00607845022473146,3.60992682320197e-09,0.0544537065147479,"Water",2009,5
54,0,"6",1,0.0228524349341646,1.54737322662654e-09,0.192878427332825,"Water",2009,9
55,0,"7",1,0.0941686433158531,3.28642798570542e-08,0.469559145363595,"Water",2009,5
56,0,"8",1,0.0500938993858078,3.35469901629656e-08,0.268310187591093,"Water",2009,9
57,0,"9",1,0.0548578316151041,4.12722608301028e-08,0.292342701249427,"Water",2009,7
58,0,"10",1,0.0334835118405302,2.10637110497796e-08,0.172396661329546,"Water",2009,13
59,0,"11",1,0.0477716772862984,4.9176778979764e-08,0.285738453724423,"Water",2009,7
60,0,"12",1,0.0287106066818577,3.00652873036132e-08,0.163319630353972,"Water",2009,17
61,0,"1",1,0.0433325359302632,9.45477456170338e-07,0.249418290313636,"Water",2010,13
62,0,"2",1,0.0101447410265027,3.61923006426488e-09,0.0808421066691016,"Water",2010,16
63,0,"3",1,0.00939220790409763,9.22708558002151e-09,0.0757620808913358,"Water",2010,16
64,0,"4",1,0.00604784000220812,4.93054717287437e-10,0.0622350187767693,"Water",2010,8
65,0,"5",1,0.00497425360187497,2.93328075511104e-09,0.0439761596245889,"Water",2010,12
66,0,"6",1,0.00959327224596863,1.15914725995811e-09,0.0818082616186688,"Water",2010,9
67,0,"7",1,0.0702191283981059,3.56164189875651e-08,0.377509121923249,"Water",2010,12
68,0,"8",1,0.0404567227273958,3.01724881176065e-08,0.208516991991223,"Water",2010,11
69,0,"9",1,0.0291787306086135,3.29007848462899e-08,0.157542859494563,"Water",2010,11
70,0,"10",1,0.0395523520821497,2.26851687186035e-08,0.207433935778322,"Water",2010,6
71,0,"11",1,0.0376463270901504,5.26292245012506e-08,0.211854285256317,"Water",2010,12
72,0,"12",1,0.032942063349954,3.28205701460528e-08,0.199357940599084,"Water",2010,9
73,0,"1",1,0.0203074396046682,6.66246897873886e-07,0.130304307319091,"Water",2011,7
74,0,"2",1,0.0101703130957971,3.28200444373055e-09,0.0835791767246668,"Water",2011,7
75,0,"3",1,0.00857383007452438,7.74901664333494e-09,0.0705075090909,"Water",2011,9
76,0,"4",1,0.0139366533065589,5.6458743150606e-10,0.165214436515303,"Water",2011,4
77,0,"5",1,0.00521669459903413,3.75777126093458e-09,0.0453117488952892,"Water",2011,10
78,0,"6",1,0.00932193980568451,1.35892289003835e-09,0.0756732280709,"Water",2011,14
79,0,"7",1,0.0689141031900093,4.0942432600626e-08,0.313900352493891,"Water",2011,14
80,0,"8",1,0.0715039595292592,4.18650606802306e-08,0.33182836023753,"Water",2011,10
81,0,"9",1,0.0318774652373188,3.44118583091563e-08,0.173241102852498,"Water",2011,8
82,0,"10",1,0.0693492011714796,2.29231279378758e-08,0.326578258429873,"Water",2011,10
83,0,"11",1,0.0729318578094458,7.57430372834674e-08,0.351858903764241,"Water",2011,17
84,0,"12",1,0.0353810410035947,3.32948145396473e-08,0.205376019559137,"Water",2011,10
85,0,"1",1,0.0236010477441868,6.68323375125129e-07,0.159129387565366,"Water",2012,7
86,0,"2",1,0.0167618230736158,4.15043969794453e-09,0.139731013423775,"Water",2012,10
87,0,"3",1,0.0110138888294122,8.77035226436322e-09,0.0922819078903247,"Water",2012,10
88,0,"4",1,0.0081847201688431,4.53555312031166e-10,0.0809228287063477,"Water",2012,3
89,0,"5",1,0.00583613559425605,3.18202982680213e-09,0.0512022675486404,"Water",2012,6
90,0,"6",1,0.0136607622168116,1.11853071580889e-09,0.126385367201494,"Water",2012,8
91,0,"7",1,0.0505020370996885,3.54696545302678e-08,0.279830443664711,"Water",2012,8
92,0,"8",1,0.0765688565489466,3.58921549680193e-08,0.361476115289574,"Water",2012,9
93,0,"9",1,0.0272679891245776,2.7933245086169e-08,0.149823421970348,"Water",2012,15
94,0,"10",1,0.0865144702510257,3.32327093954406e-08,0.377914896914786,"Water",2012,15
95,0,"11",1,0.070614286361804,5.37692743832827e-08,0.422981058353656,"Water",2012,10
96,0,"12",1,0.0698063748216029,5.45501750640549e-08,0.382722042290955,"Water",2012,10
97,0,"1",1,0.0212273624093054,6.23579579171902e-07,0.135952841004895,"Water",2013,14
98,0,"2",1,0.0116325754641818,3.70575914776377e-09,0.0956018591707662,"Water",2013,3
99,0,"3",1,0.00953570654587014,8.85123866841839e-09,0.0779250715622677,"Water",2013,8
100,0,"4",1,0.00815142141076944,4.78369605379824e-10,0.0832380314472283,"Water",2013,1
101,0,"5",1,0.00729619488003281,4.20699945712622e-09,0.0660614605907028,"Water",2013,3
102,0,"6",1,0.0109900682302213,1.2552449101141e-09,0.0955785277240545,"Water",2013,8
103,0,"7",1,0.040625420699904,3.42087410311956e-08,0.211242202570176,"Water",2013,15
104,0,"8",1,0.0947414881566736,4.53321503808185e-08,0.4183127574801,"Water",2013,11
105,0,"9",1,0.0284547829298144,3.55412394463996e-08,0.151208239682585,"Water",2013,17
106,0,"10",1,0.0291771958059195,1.89472216281179e-08,0.152062543197152,"Water",2013,13
107,0,"11",1,0.127905472663713,1.06013666365704e-07,0.542932237289054,"Water",2013,23
108,0,"12",1,0.0498926168258176,3.91051512502423e-08,0.244665335623824,"Water",2013,28
109,0,"1",1,0.023301796010922,7.33197977533797e-07,0.147749492256057,"Water",2014,12
110,0,"2",1,0.0116643537119892,4.19565010227302e-09,0.0926573752328031,"Water",2014,15
111,0,"3",1,0.0191564031429064,1.17322371834416e-08,0.15453447325617,"Water",2014,16
112,0,"4",1,0.00775811065902552,4.64165317566767e-10,0.079664595303049,"Water",2014,3
113,0,"5",1,0.00578625455752809,3.2987709189117e-09,0.0515097611776367,"Water",2014,5
114,0,"6",1,0.0100894234717184,1.33396626944504e-09,0.0840441102657687,"Water",2014,9
115,0,"7",1,0.0566454120819075,3.78925902444927e-08,0.292750505722971,"Water",2014,12
116,0,"8",1,0.0601741944852044,3.97826153166754e-08,0.26042632145931,"Water",2014,18
117,0,"9",1,0.0837901650606487,5.34548363718783e-08,0.348788434385949,"Water",2014,12
118,0,"10",1,0.0669381682428527,3.30569179310048e-08,0.320939764399753,"Water",2014,14
119,0,"11",1,0.0563005886265354,5.46277135175102e-08,0.286139465754694,"Water",2014,19
120,0,"12",1,0.0738073168688875,4.70047613143796e-08,0.36912744595347,"Water",2014,14
1,1,"1",0,0.0040910038540398,3.38081456383667e-08,0.0332418749519771,"Water",2005,NA
2,1,"2",0,0.0144653766747526,2.68308573676016e-11,0.154510430031599,"Water",2005,4
3,1,"3",0,0.00541608921837179,4.7635781549024e-11,0.0360993625252624,"Water",2005,5
4,1,"4",0,0.00305973053711315,4.48886317560479e-11,0.0261369735067652,"Water",2005,7
5,1,"5",0,0.0102276395306855,5.83303899344962e-10,0.104833271558122,"Water",2005,16
6,1,"6",0,0.00377079673747894,3.51715568633386e-11,0.0281158156743973,"Water",2005,5
7,1,"7",0,0.00839246784752498,4.09494980791766e-10,0.0801670021958322,"Water",2005,5
8,1,"8",0,0.00729064696286195,4.17697096663816e-10,0.068062300125257,"Water",2005,11
9,1,"9",0,0.00936888238527137,3.02428487399887e-10,0.0948526931884689,"Water",2005,12
10,1,"10",0,0.00536444522095144,3.99446703402499e-10,0.0497670021701825,"Water",2005,16
11,1,"11",0,0.00424983357388575,3.44447170117757e-10,0.0408731796224272,"Water",2005,36
12,1,"12",0,0.0341535719901453,2.05883053859936e-10,0.464966039436092,"Water",2005,20
13,1,"1",0,0.00339606976088257,3.28034294605177e-08,0.0294198011795062,"Water",2006,18
14,1,"2",0,0.0148260229600046,2.77524482410063e-11,0.161795264400762,"Water",2006,16
15,1,"3",0,0.00502422511946506,5.10763084253868e-11,0.0357698251419114,"Water",2006,16
16,1,"4",0,0.00359790774994886,4.93779146216397e-11,0.0320728775885845,"Water",2006,9
17,1,"5",0,0.0109215954638269,5.42651377178538e-10,0.111848650917057,"Water",2006,24
18,1,"6",0,0.00314817536346906,3.75392021792661e-11,0.0261332546825636,"Water",2006,23
19,1,"7",0,0.00689927407961768,4.15221110087461e-10,0.0722385500538379,"Water",2006,14
20,1,"8",0,0.0060883872948513,4.11967937332148e-10,0.0609187406291835,"Water",2006,15
21,1,"9",0,0.0113619520645499,3.13792662488378e-10,0.114522345514393,"Water",2006,10
22,1,"10",0,0.00590229455284551,4.21391659515187e-10,0.0512302555806344,"Water",2006,11
23,1,"11",0,0.00474676681184763,3.12357163476227e-10,0.0430410726463584,"Water",2006,23
24,1,"12",0,0.0150173409765439,1.81643429602996e-10,0.182413274021243,"Water",2006,29
25,1,"1",0,0.00400884067028085,4.02602687214534e-08,0.0344168797952419,"Water",2007,28
26,1,"2",0,0.0123446571274162,2.75892554508228e-11,0.129141353510431,"Water",2007,17
27,1,"3",0,0.00511269124271458,5.07935136441721e-11,0.0352106217722021,"Water",2007,10
28,1,"4",0,0.0030472094602654,4.04722403131192e-11,0.0266012445904255,"Water",2007,9
29,1,"5",0,0.0114843741376256,5.58911723012535e-10,0.121190802089776,"Water",2007,17
30,1,"6",0,0.00340355333849697,3.65492700261942e-11,0.0278135835983631,"Water",2007,14
31,1,"7",0,0.00695135559529088,4.51345585079286e-10,0.0704091419506052,"Water",2007,16
32,1,"8",0,0.00630350270117155,3.95386781423964e-10,0.0605331781017222,"Water",2007,6
33,1,"9",0,0.00875720887835764,3.08362496305273e-10,0.0914861991189405,"Water",2007,9
34,1,"10",0,0.00567546065615509,4.64534627698364e-10,0.0551093222842893,"Water",2007,18
35,1,"11",0,0.00415233701105187,3.49769278006836e-10,0.0415947094716952,"Water",2007,30
36,1,"12",0,0.0266317321417129,1.90131255139497e-10,0.360025288263999,"Water",2007,26
37,1,"1",1,0.0378853986663843,7.17418406813457e-09,0.277621273649674,"Water",2008,4
38,1,"2",1,0.105160430007662,7.94779936394896e-13,0.639471229468243,"Water",2008,4
39,1,"3",1,0.00710357944108366,4.35547287678954e-12,0.0710438889452562,"Water",2008,4
40,1,"4",1,0.0103817987464365,2.57488947714541e-13,0.107644142627658,"Water",2008,4
41,1,"5",1,0.144388516686298,2.3311535351895e-11,0.757529132894475,"Water",2008,3
42,1,"6",1,0.00782558228309947,5.87654753928616e-13,0.0793053751941649,"Water",2008,3
43,1,"7",1,0.136011227904379,5.44557620874523e-10,0.757376939545681,"Water",2008,6
44,1,"8",1,0.038957655660481,2.58363496368666e-10,0.231209422266685,"Water",2008,27
45,1,"9",1,0.047688381344136,1.10102508181037e-10,0.353443097140108,"Water",2008,12
46,1,"10",1,0.0117349293651565,4.17096892557234e-11,0.111919097877203,"Water",2008,4
47,1,"11",1,0.00854141424963312,1.02462172708564e-11,0.082251567624097,"Water",2008,6
48,1,"12",1,0.0336399497930598,1.25148411998547e-10,0.247449245783646,"Water",2008,14
49,1,"1",1,0.0322526206232015,7.45749993824785e-09,0.223435198068456,"Water",2009,15
50,1,"2",1,0.110482261247468,7.99142721065617e-13,0.673134187650778,"Water",2009,5
51,1,"3",1,0.00719397844842404,4.26035607095416e-12,0.0711150919914226,"Water",2009,6
52,1,"4",1,0.00922196411471011,2.52623589065937e-13,0.0942027910388056,"Water",2009,7
53,1,"5",1,0.143928160698893,2.37164660406935e-11,0.758741880310547,"Water",2009,5
54,1,"6",1,0.00868581476175409,5.42523355122922e-13,0.0902708055350217,"Water",2009,9
55,1,"7",1,0.122863225590295,5.79749929479041e-10,0.691944744289128,"Water",2009,5
56,1,"8",1,0.0626153321261825,3.40182686277981e-10,0.391600190270113,"Water",2009,9
57,1,"9",1,0.047784204748576,1.00105704194472e-10,0.36543916480769,"Water",2009,7
58,1,"10",1,0.0106051667038514,4.39303890005239e-11,0.102499308236252,"Water",2009,13
59,1,"11",1,0.00775852370478878,1.03244025076806e-11,0.0754758806354729,"Water",2009,7
60,1,"12",1,0.0317042374727346,1.28373442561511e-10,0.22757148749965,"Water",2009,17
61,1,"1",1,0.0325510015397754,6.96860959025577e-09,0.230808742993025,"Water",2010,13
62,1,"2",1,0.159221718170513,8.67039527818155e-13,0.747694733426363,"Water",2010,16
63,1,"3",1,0.00678301409667521,4.62415611680235e-12,0.0675068735838792,"Water",2010,16
64,1,"4",1,0.00882703651013595,2.6881345795987e-13,0.0925526932145017,"Water",2010,8
65,1,"5",1,0.104813425235103,2.45621492282933e-11,0.523918635616602,"Water",2010,12
66,1,"6",1,0.00767790845100081,5.09678151264961e-13,0.0810507557622287,"Water",2010,9
67,1,"7",1,0.125142132574021,5.58077512762572e-10,0.706289498523153,"Water",2010,12
68,1,"8",1,0.0491033532530644,2.78336312469076e-10,0.304640451108288,"Water",2010,11
69,1,"9",1,0.0444339160026701,1.07256870217599e-10,0.329633339870927,"Water",2010,11
70,1,"10",1,0.0105608280061686,3.86951753704201e-11,0.0995571952084838,"Water",2010,6
71,1,"11",1,0.0085671464371862,1.14981536289456e-11,0.0835153224459617,"Water",2010,12
72,1,"12",1,0.0429755793816939,1.1894136280004e-10,0.344358560287063,"Water",2010,9
73,1,"1",1,0.0423524465366752,7.46393013018569e-09,0.320406028929597,"Water",2011,7
74,1,"2",1,0.130836469004436,8.54287344280629e-13,0.767249262057612,"Water",2011,7
75,1,"3",1,0.00749103272201495,4.63773628355446e-12,0.0733503923015862,"Water",2011,9
76,1,"4",1,0.0103846890575857,2.54140246486668e-13,0.106937508099394,"Water",2011,4
77,1,"5",1,0.182631769925008,2.3142245520211e-11,0.756507741387919,"Water",2011,10
78,1,"6",1,0.00705995850346878,5.17526206310971e-13,0.0737448700121607,"Water",2011,14
79,1,"7",1,0.112562430668724,5.2753610683079e-10,0.668991567847514,"Water",2011,14
80,1,"8",1,0.0608973117760066,3.35782695208461e-10,0.381031335961125,"Water",2011,10
81,1,"9",1,0.0476811801223889,9.8714688534903e-11,0.367829282468081,"Water",2011,8
82,1,"10",1,0.0114519948623814,3.84323675947329e-11,0.108983195041129,"Water",2011,10
83,1,"11",1,0.00779297161666415,9.97942878919414e-12,0.0758668138566968,"Water",2011,17
84,1,"12",1,0.0341554858690137,1.26153118872136e-10,0.25495370491737,"Water",2011,10
85,1,"1",1,0.0852411519514102,7.16685593785556e-09,0.518524685139997,"Water",2012,7
86,1,"2",1,0.128492105373623,8.1424992563817e-13,0.77256529327918,"Water",2012,10
87,1,"3",1,0.00621465510442816,4.21769664939274e-12,0.0616709685297599,"Water",2012,10
88,1,"4",1,0.0103507878918898,2.52214826187588e-13,0.107704599487596,"Water",2012,3
89,1,"5",1,0.143845937938396,2.65301686363179e-11,0.691822734469381,"Water",2012,6
90,1,"6",1,0.00905434565622171,5.95089522919458e-13,0.0920551007941902,"Water",2012,8
91,1,"7",1,0.140140737371395,6.09126387074713e-10,0.769731473105568,"Water",2012,8
92,1,"8",1,0.0512863994269445,2.63829308823427e-10,0.317452547764319,"Water",2012,9
93,1,"9",1,0.0845396712027085,1.44353512136054e-10,0.488164632219995,"Water",2012,15
94,1,"10",1,0.00974448237424412,4.22206829533256e-11,0.0922066140685534,"Water",2012,15
95,1,"11",1,0.00732822831735626,1.09846442371882e-11,0.070945429185062,"Water",2012,10
96,1,"12",1,0.0878469664296155,1.49201522346656e-10,0.610139817782399,"Water",2012,10
97,1,"1",1,0.0355938949849182,7.71212376722344e-09,0.252307186018479,"Water",2013,14
98,1,"2",1,0.128624239076641,8.21035310572015e-13,0.766000734899837,"Water",2013,3
99,1,"3",1,0.00690046521111738,4.74258813154607e-12,0.067760271043204,"Water",2013,8
100,1,"4",1,0.0104447079777512,2.51072625504571e-13,0.108175627184208,"Water",2013,1
101,1,"5",1,0.143675148769222,2.31425842904896e-11,0.755405286720011,"Water",2013,3
102,1,"6",1,0.00736100025532426,5.17793517996818e-13,0.0766859945811078,"Water",2013,8
103,1,"7",1,0.236008528959809,8.46555924161392e-10,0.869827200432643,"Water",2013,15
104,1,"8",1,0.0506678269810008,2.75568240828243e-10,0.320362506024819,"Water",2013,11
105,1,"9",1,0.0365369341940733,9.77479234848746e-11,0.259311476480493,"Water",2013,17
106,1,"10",1,0.0104657681084786,4.03017510561372e-11,0.100566182876542,"Water",2013,13
107,1,"11",1,0.00605062403224946,9.18466753458721e-12,0.0587498744375388,"Water",2013,23
108,1,"12",1,0.0297423768583707,1.25696527391421e-10,0.217077623106005,"Water",2013,28
109,1,"1",1,0.033733389327889,6.98875374315831e-09,0.232398343305908,"Water",2014,12
110,1,"2",1,0.128643383287257,8.54454010929785e-13,0.767707495885749,"Water",2014,15
111,1,"3",1,0.00657211891960061,4.59209421507608e-12,0.0668303696829623,"Water",2014,16
112,1,"4",1,0.0081412306686814,2.52533621825232e-13,0.0884943460919499,"Water",2014,3
113,1,"5",1,0.144080393618423,2.17482845408766e-11,0.753565565372327,"Water",2014,5
114,1,"6",1,0.00804964903162561,5.32291989718921e-13,0.0845217749546179,"Water",2014,9
115,1,"7",1,0.114970070848373,6.04517711284389e-10,0.631819663158069,"Water",2014,12
116,1,"8",1,0.112617792543819,4.09734223813775e-10,0.576989665502561,"Water",2014,18
117,1,"9",1,0.0451803596388406,9.77218505248263e-11,0.337126035017015,"Water",2014,12
118,1,"10",1,0.0107902215488001,4.62292450116753e-11,0.103636342800601,"Water",2014,14
119,1,"11",1,0.00817230278972714,1.37579651092272e-11,0.0805957234835997,"Water",2014,19
120,1,"12",1,0.0416420700778638,1.37161038235068e-10,0.320439027018917,"Water",2014,14
1,0,"1",0,0.00719073643170816,9.63625096641138e-06,0.0437381312503424,"Other",2005,NA
2,0,"2",0,0.00362467685975022,6.54163889167859e-07,0.0285652481325869,"Other",2005,4
3,0,"3",0,0.0226990835513574,2.23455245820222e-06,0.162651329644658,"Other",2005,5
4,0,"4",0,0.00416039177345517,8.00632308356916e-07,0.0342672393307957,"Other",2005,7
5,0,"5",0,0.00941266442706515,2.23070386163459e-06,0.071627876550401,"Other",2005,16
6,0,"6",0,0.00418262413977224,1.20550364366762e-06,0.0319021734214763,"Other",2005,5
7,0,"7",0,0.00733959059008867,1.34847304439795e-06,0.0528467253173733,"Other",2005,5
8,0,"8",0,0.00575042510086418,7.74473472882987e-07,0.0433726928306626,"Other",2005,11
9,0,"9",0,0.00887868021718601,2.94292669893282e-06,0.0652139602613968,"Other",2005,12
10,0,"10",0,0.0149487007181003,5.27404114858838e-06,0.0905124165114734,"Other",2005,16
11,0,"11",0,0.0244408739898957,3.38915852446678e-06,0.11115626196019,"Other",2005,36
12,0,"12",0,0.00470012623357146,8.46155173088145e-07,0.0347114892561403,"Other",2005,20
13,0,"1",0,0.0119267108383196,1.758471719492e-05,0.0729816704556857,"Other",2006,18
14,0,"2",0,0.00367565775973937,7.84203476064686e-07,0.029595402901489,"Other",2006,16
15,0,"3",0,0.0170105969215443,2.9825547495255e-06,0.105955923808868,"Other",2006,16
16,0,"4",0,0.00368161331571376,7.50680833595805e-07,0.0300181285773891,"Other",2006,9
17,0,"5",0,0.00633649773145765,1.89237629747092e-06,0.0455806210514133,"Other",2006,24
18,0,"6",0,0.00353338934240868,1.19327542597233e-06,0.0263408374678709,"Other",2006,23
19,0,"7",0,0.00648022200077247,1.26629753204769e-06,0.0461189431827723,"Other",2006,14
20,0,"8",0,0.00666131192021659,9.72833907725191e-07,0.0498836363731799,"Other",2006,15
21,0,"9",0,0.00858607753720018,2.48540256169872e-06,0.0660624281590392,"Other",2006,10
22,0,"10",0,0.0181014658767352,6.16662215447992e-06,0.105606278195687,"Other",2006,11
23,0,"11",0,0.0185225563400065,1.77628407476965e-06,0.0982216716477284,"Other",2006,23
24,0,"12",0,0.00491281187380439,8.71103280224966e-07,0.0362828269086128,"Other",2006,29
25,0,"1",0,0.00524121227337441,7.12105417814876e-06,0.0320817292598205,"Other",2007,28
26,0,"2",0,0.00278501543893062,5.9710620437983e-07,0.0223393918479036,"Other",2007,17
27,0,"3",0,0.0186637143564244,2.75585101491112e-06,0.122025331724667,"Other",2007,10
28,0,"4",0,0.00421766188336768,8.65978757706069e-07,0.0346802181766072,"Other",2007,9
29,0,"5",0,0.00736798178218185,2.37508077114107e-06,0.0528960838333588,"Other",2007,17
30,0,"6",0,0.00486869183005678,1.57843753646299e-06,0.036954158600575,"Other",2007,14
31,0,"7",0,0.00911470578102164,1.89238431184682e-06,0.0644018080366706,"Other",2007,16
32,0,"8",0,0.00675301820688985,8.82520901555994e-07,0.0514247061463336,"Other",2007,6
33,0,"9",0,0.0117465127933965,4.10665045714088e-06,0.0883100638049202,"Other",2007,9
34,0,"10",0,0.0122412209648385,4.21262866902926e-06,0.0736396767700084,"Other",2007,18
35,0,"11",0,0.0137488336536084,1.76294357916237e-06,0.0697901393862218,"Other",2007,30
36,0,"12",0,0.00556668901343182,9.60919099708971e-07,0.0408023387608827,"Other",2007,26
37,0,"1",1,0.019132329531854,4.03542121614025e-08,0.112045038433103,"Other",2008,4
38,0,"2",1,0.00722017907592701,3.68600816545636e-09,0.0591772053057684,"Other",2008,4
39,0,"3",1,0.0234228508520922,2.86816408135132e-09,0.123561333000382,"Other",2008,4
40,0,"4",1,0.00590611481963283,1.63062173641572e-09,0.0535721561988904,"Other",2008,4
41,0,"5",1,0.00567529093904194,1.82994065296599e-09,0.0470394043538318,"Other",2008,3
42,0,"6",1,0.00688224928562354,1.96495001927758e-09,0.0560898478308748,"Other",2008,3
43,0,"7",1,0.0339289651439997,1.9838501767068e-09,0.202846423462689,"Other",2008,6
44,0,"8",1,0.0218700406349888,1.93890966112301e-09,0.118701386772826,"Other",2008,27
45,0,"9",1,0.0232657802638584,9.07092780406449e-09,0.132847202506469,"Other",2008,12
46,0,"10",1,0.0218295054403661,9.62660510850643e-09,0.135794048193623,"Other",2008,4
47,0,"11",1,0.0808511756228707,2.86319047640772e-09,0.318077696333932,"Other",2008,6
48,0,"12",1,0.0440333893320151,5.4180010241168e-09,0.230311930470901,"Other",2008,14
49,0,"1",1,0.0192768848952045,3.39857517687664e-08,0.121851365850522,"Other",2009,15
50,0,"2",1,0.0074727965382194,3.63351667461996e-09,0.0601210521132314,"Other",2009,5
51,0,"3",1,0.0266770891916313,3.72825346188617e-09,0.135846040028501,"Other",2009,6
52,0,"4",1,0.0064864310624179,2.11087064845941e-09,0.0583332794690881,"Other",2009,7
53,0,"5",1,0.00578269733892622,1.99210338264763e-09,0.0476149262684455,"Other",2009,5
54,0,"6",1,0.0088375128316455,2.60516983627446e-09,0.0729484957411095,"Other",2009,9
55,0,"7",1,0.0433442920181741,3.01916835592363e-09,0.251698941866367,"Other",2009,5
56,0,"8",1,0.0333612681643426,2.74228947701463e-09,0.183863936118542,"Other",2009,9
57,0,"9",1,0.0314821559546655,1.14514252107435e-08,0.181081801270683,"Other",2009,7
58,0,"10",1,0.0204356059358959,9.63760205567132e-09,0.123724586163741,"Other",2009,13
59,0,"11",1,0.0845930240624891,3.3544789384839e-09,0.323008511421369,"Other",2009,7
60,0,"12",1,0.0421065014767869,5.01578896095427e-09,0.221341754515396,"Other",2009,17
61,0,"1",1,0.0253710624829726,5.4575910635648e-08,0.142686098587489,"Other",2010,13
62,0,"2",1,0.00757252279341758,3.97149955845757e-09,0.0606938673569707,"Other",2010,16
63,0,"3",1,0.0280366928534437,3.89581342967421e-09,0.136379019601834,"Other",2010,16
64,0,"4",1,0.00541780338712597,1.61463055623851e-09,0.0498280233539991,"Other",2010,8
65,0,"5",1,0.0048831060490082,1.62798880731801e-09,0.0405116447358796,"Other",2010,12
66,0,"6",1,0.00657087366568223,1.8685409518985e-09,0.0531976488838383,"Other",2010,9
67,0,"7",1,0.0455305733390101,2.43162718635109e-09,0.266016247818531,"Other",2010,12
68,0,"8",1,0.0288026182454833,2.6577007197542e-09,0.153601496188341,"Other",2010,11
69,0,"9",1,0.0239431206223571,9.49271993564547e-09,0.13424439809925,"Other",2010,11
70,0,"10",1,0.0230593754970324,1.05347809579035e-08,0.142068188742369,"Other",2010,6
71,0,"11",1,0.0878270694182975,3.50561143184706e-09,0.321609582722748,"Other",2010,12
72,0,"12",1,0.0467851313600087,4.76724437559795e-09,0.250358992888703,"Other",2010,9
73,0,"1",1,0.0186320940662078,3.92540342287436e-08,0.109435041468589,"Other",2011,7
74,0,"2",1,0.00704203429381283,3.60428951254968e-09,0.0572100002794109,"Other",2011,7
75,0,"3",1,0.0237877210108672,3.17882736876251e-09,0.121301529383053,"Other",2011,9
76,0,"4",1,0.00788363657128436,2.0462475067226e-09,0.0722719146455484,"Other",2011,4
77,0,"5",1,0.00550422637046635,2.09420157685762e-09,0.0451682773913837,"Other",2011,10
78,0,"6",1,0.00676668152180265,2.20777933052671e-09,0.0539269582750587,"Other",2011,14
79,0,"7",1,0.0445196663019693,3.37509696261533e-09,0.231186880267412,"Other",2011,14
80,0,"8",1,0.0394915045136271,3.08184010599809e-09,0.209823373232719,"Other",2011,10
81,0,"9",1,0.0247149981395455,1.02157348871482e-08,0.136571237253263,"Other",2011,8
82,0,"10",1,0.0253107743664976,1.3041106999162e-08,0.15275252366455,"Other",2011,10
83,0,"11",1,0.1164663641055,4.20502232255978e-09,0.394813085614237,"Other",2011,17
84,0,"12",1,0.0464862079676532,6.00925189798751e-09,0.237814104177889,"Other",2011,10
85,0,"1",1,0.0190080141427101,3.96006223021143e-08,0.112087820318347,"Other",2012,7
86,0,"2",1,0.008394078521188,4.5706814284602e-09,0.0680320438888817,"Other",2012,10
87,0,"3",1,0.0284036351252847,3.80336764132031e-09,0.146452208524213,"Other",2012,10
88,0,"4",1,0.00573552140492312,1.63876138786325e-09,0.0522106943104204,"Other",2012,3
89,0,"5",1,0.00560137042457771,1.84785823762523e-09,0.0462322921654361,"Other",2012,6
90,0,"6",1,0.00667024098881656,1.80463438002463e-09,0.0545859318639371,"Other",2012,8
91,0,"7",1,0.0406578224487427,2.67625406224415e-09,0.23171793635783,"Other",2012,8
92,0,"8",1,0.0356325847625517,3.06101098422923e-09,0.199604091373501,"Other",2012,9
93,0,"9",1,0.0210011022378412,8.41681971853097e-09,0.116786822225913,"Other",2012,15
94,0,"10",1,0.0337402687939364,1.6824529098471e-08,0.204280214652254,"Other",2012,15
95,0,"11",1,0.0956167990895577,3.57903017895564e-09,0.364193533407761,"Other",2012,10
96,0,"12",1,0.0729290324751234,8.11768858169832e-09,0.361703299244365,"Other",2012,10
97,0,"1",1,0.0191298519433036,4.08067530479327e-08,0.112499165501699,"Other",2013,14
98,0,"2",1,0.00774819867059481,4.01381545860847e-09,0.0625462585050212,"Other",2013,3
99,0,"3",1,0.0265721197137159,3.86088358555804e-09,0.133882354051871,"Other",2013,8
100,0,"4",1,0.0061006362545592,1.68528343417743e-09,0.0559020552324825,"Other",2013,1
101,0,"5",1,0.00725352169900853,2.49736330137475e-09,0.0602965114568029,"Other",2013,3
102,0,"6",1,0.00660119423465536,1.97590966772024e-09,0.0534010209856365,"Other",2013,8
103,0,"7",1,0.0361027729809394,2.70422438947677e-09,0.196481689170729,"Other",2013,15
104,0,"8",1,0.0443003916203202,3.24582215589737e-09,0.234029857427229,"Other",2013,11
105,0,"9",1,0.0240009034351408,9.95013244108937e-09,0.131395783623235,"Other",2013,17
106,0,"10",1,0.0189040921016132,8.2434766863803e-09,0.116954343789825,"Other",2013,13
107,0,"11",1,0.169151958415457,4.31868432145083e-09,0.531224712420565,"Other",2013,23
108,0,"12",1,0.0560586966224597,6.03791429706652e-09,0.287225175163853,"Other",2013,28
109,0,"1",1,0.0201962986718874,4.52284518266912e-08,0.113990570145811,"Other",2014,12
110,0,"2",1,0.00847652394864102,4.17953055865973e-09,0.0679521843232348,"Other",2014,15
111,0,"3",1,0.0347584667333208,4.47786436649498e-09,0.158784701912963,"Other",2014,16
112,0,"4",1,0.00595760012197863,1.73568608036154e-09,0.0550692959010535,"Other",2014,3
113,0,"5",1,0.00574200251541293,1.89504557289778e-09,0.0480825635625318,"Other",2014,5
114,0,"6",1,0.00682968244990195,2.18536897939607e-09,0.0551798214502943,"Other",2014,9
115,0,"7",1,0.0423973298080943,2.89741759391018e-09,0.228082331022355,"Other",2014,12
116,0,"8",1,0.0369854778140069,3.16951061272405e-09,0.187865848244499,"Other",2014,18
117,0,"9",1,0.03548955042377,1.30796298679611e-08,0.185071516445973,"Other",2014,12
118,0,"10",1,0.0335181963742311,1.30089299264636e-08,0.199913404414778,"Other",2014,14
119,0,"11",1,0.0912113176137673,3.44724999569968e-09,0.324116251455292,"Other",2014,19
120,0,"12",1,0.0619824629705708,7.67521942464859e-09,0.306584314565987,"Other",2014,14
1,1,"1",0,0.00277885981320643,2.72596387857937e-07,0.0219420218085055,"Other",2005,NA
2,1,"2",0,0.00326949842085667,2.88765528856953e-09,0.0239024143270324,"Other",2005,4
3,1,"3",0,0.00537116359128147,8.93944462036533e-09,0.0476190213130811,"Other",2005,5
4,1,"4",0,0.00299860471217914,1.14309541601981e-08,0.0272293705757674,"Other",2005,7
5,1,"5",0,0.00703300605939668,1.91013325372931e-08,0.0687829752167409,"Other",2005,16
6,1,"6",0,0.00297630779196682,6.28779833070177e-09,0.0238433205491024,"Other",2005,5
7,1,"7",0,0.00617936798551144,6.46846344423238e-09,0.0589671721506254,"Other",2005,5
8,1,"8",0,0.00409556530532386,3.96441510872807e-09,0.0380989837147481,"Other",2005,11
9,1,"9",0,0.00403886091558154,9.74058677341671e-09,0.0378679618919357,"Other",2005,12
10,1,"10",0,0.00298011071722803,1.56539833553335e-08,0.0273223593525916,"Other",2005,16
11,1,"11",0,0.00539997328970449,1.80533969015826e-08,0.0487332035647978,"Other",2005,36
12,1,"12",0,0.00919779229539002,1.03394715817215e-08,0.0953668769284612,"Other",2005,20
13,1,"1",0,0.00267963618121725,2.59756173073763e-07,0.0213483929446608,"Other",2006,18
14,1,"2",0,0.0032851730683891,2.91714384286454e-09,0.0239750671533739,"Other",2006,16
15,1,"3",0,0.00516905000783862,9.08393502816064e-09,0.0461910645718013,"Other",2006,16
16,1,"4",0,0.00331791628582902,1.22342439020322e-08,0.0300534541086694,"Other",2006,9
17,1,"5",0,0.00705620351316403,1.7843484143295e-08,0.0669867720920923,"Other",2006,24
18,1,"6",0,0.00283035256978388,6.5348669680701e-09,0.0242539669064077,"Other",2006,23
19,1,"7",0,0.00590306670930741,6.07890525024249e-09,0.0573645723692013,"Other",2006,14
20,1,"8",0,0.00386671577267526,4.12303821825068e-09,0.0369384221199378,"Other",2006,15
21,1,"9",0,0.00403233681375599,9.98276176174746e-09,0.0382856416345584,"Other",2006,10
22,1,"10",0,0.00330457822867823,1.6792296138378e-08,0.0294418738262327,"Other",2006,11
23,1,"11",0,0.00569463684302966,1.72282719728902e-08,0.0504898321640181,"Other",2006,23
24,1,"12",0,0.00701093594297626,9.41383800422012e-09,0.0731272977343529,"Other",2006,29
25,1,"1",0,0.00301503945352545,3.24037196030845e-07,0.0238150574454241,"Other",2007,28
26,1,"2",0,0.00311535028220013,2.81078974881772e-09,0.0229666654969372,"Other",2007,17
27,1,"3",0,0.00514966125039871,9.01091576668877e-09,0.0463321943920654,"Other",2007,10
28,1,"4",0,0.00291131662094743,1.02092868009773e-08,0.0255084730276574,"Other",2007,9
29,1,"5",0,0.00712136956801128,1.8848196676168e-08,0.0695185818475313,"Other",2007,17
30,1,"6",0,0.0030192535480636,6.32204470833687e-09,0.0250411890678212,"Other",2007,14
31,1,"7",0,0.00581610790322993,6.60074594394116e-09,0.0578232427948378,"Other",2007,16
32,1,"8",0,0.00383792457952272,3.77738447181809e-09,0.036393622361518,"Other",2007,6
33,1,"9",0,0.00387108552770108,9.45136756539168e-09,0.0369129060287103,"Other",2007,9
34,1,"10",0,0.00351442648544938,1.70729725418536e-08,0.0319260822985737,"Other",2007,18
35,1,"11",0,0.0053361764770981,1.75189530906316e-08,0.0486011348863414,"Other",2007,30
36,1,"12",0,0.00876988109610044,9.5348862000072e-09,0.0894703882554915,"Other",2007,26
37,1,"1",1,0.0083051910460924,9.87687758727535e-11,0.0755955977761184,"Other",2008,4
38,1,"2",1,0.00727942387145583,1.60184572529248e-12,0.07689409837862,"Other",2008,4
39,1,"3",1,0.00706790585350117,2.0738611538678e-12,0.0688335507705732,"Other",2008,4
40,1,"4",1,0.00314695635755944,4.21651023794818e-13,0.0257313315001014,"Other",2008,4
41,1,"5",1,0.0310118668993475,5.16343188834697e-12,0.337372025955773,"Other",2008,3
42,1,"6",1,0.00306864842249896,3.56121851440658e-13,0.0297406556050263,"Other",2008,3
43,1,"7",1,0.0544721408469123,1.26720127035214e-12,0.377742951183167,"Other",2008,6
44,1,"8",1,0.0163770141537576,5.74444488188643e-13,0.129767035508342,"Other",2008,27
45,1,"9",1,0.0245249015391963,2.25642261584115e-12,0.215496644344876,"Other",2008,12
46,1,"10",1,0.00501267328685887,4.19384764192784e-12,0.0491734708804011,"Other",2008,4
47,1,"11",1,0.00801600730089151,6.82681372389034e-13,0.0778946800442484,"Other",2008,6
48,1,"12",1,0.0195840725514765,2.52526731121232e-12,0.164845949314231,"Other",2008,14
49,1,"1",1,0.00789165364509738,9.53657510996737e-11,0.0707313198524245,"Other",2009,15
50,1,"2",1,0.00752326101562058,1.59096421631293e-12,0.0790839876792048,"Other",2009,5
51,1,"3",1,0.00714250542876139,2.03570036795763e-12,0.0709961126401745,"Other",2009,6
52,1,"4",1,0.00302026084115091,4.10735061197952e-13,0.0253518464028767,"Other",2009,7
53,1,"5",1,0.0310319351829506,5.2960807822272e-12,0.338270737377698,"Other",2009,5
54,1,"6",1,0.00324213675143555,3.69079414431795e-13,0.0304163155913775,"Other",2009,9
55,1,"7",1,0.0569518702008105,1.25830589908554e-12,0.393668212946011,"Other",2009,5
56,1,"8",1,0.0231243152357391,7.97113912560303e-13,0.189359110187146,"Other",2009,9
57,1,"9",1,0.0226938867171296,2.16509983553427e-12,0.199542633175651,"Other",2009,7
58,1,"10",1,0.00511220236805566,4.87595944969135e-12,0.05128641221403,"Other",2009,13
59,1,"11",1,0.00762092681639851,6.84772613827451e-13,0.072809223268075,"Other",2009,7
60,1,"12",1,0.0199187447120732,2.45496576259793e-12,0.169124392670642,"Other",2009,17
61,1,"1",1,0.00768536442370779,9.23220658847103e-11,0.0695344097863912,"Other",2010,13
62,1,"2",1,0.00842372944689607,1.82443504600077e-12,0.091592016959862,"Other",2010,16
63,1,"3",1,0.00706762582704479,2.23454762336011e-12,0.0689623773207396,"Other",2010,16
64,1,"4",1,0.00307550412813699,4.24719419205637e-13,0.0257365511639026,"Other",2010,8
65,1,"5",1,0.0282994466910461,5.4370223210654e-12,0.289701547795841,"Other",2010,12
66,1,"6",1,0.00302748726588169,3.40692131602402e-13,0.0293922089077832,"Other",2010,9
67,1,"7",1,0.0581048691172435,1.25312941380112e-12,0.406929775420355,"Other",2010,12
68,1,"8",1,0.0186919451122809,6.97294916735736e-13,0.149924429951706,"Other",2010,11
69,1,"9",1,0.0230109425036691,2.15911551252514e-12,0.201612832778981,"Other",2010,11
70,1,"10",1,0.00474542761248567,4.09250702729114e-12,0.0469956517801166,"Other",2010,6
71,1,"11",1,0.0080241690975057,7.06582069542932e-13,0.0766901210513575,"Other",2010,12
72,1,"12",1,0.0222854692137881,2.52446839257138e-12,0.198142931403965,"Other",2010,9
73,1,"1",1,0.00854869225793283,1.03992230647742e-10,0.0778248428310191,"Other",2011,7
74,1,"2",1,0.0081890028582805,1.73280874437189e-12,0.0857203545958118,"Other",2011,7
75,1,"3",1,0.00739051268565255,2.24515305840066e-12,0.0733972640213374,"Other",2011,9
76,1,"4",1,0.00309924201979977,4.39876760225048e-13,0.02480188919188,"Other",2011,4
77,1,"5",1,0.0328945302276689,5.60936410737048e-12,0.353807457359316,"Other",2011,10
78,1,"6",1,0.00292181191116175,3.33927815029372e-13,0.0289966415508104,"Other",2011,14
79,1,"7",1,0.0530425927499423,1.19608198300289e-12,0.370899385897796,"Other",2011,14
80,1,"8",1,0.021649799971782,7.9859579075759e-13,0.17387736839538,"Other",2011,10
81,1,"9",1,0.0228331302671211,2.06038612459413e-12,0.199026955256773,"Other",2011,8
82,1,"10",1,0.00472777268356521,4.21474723945732e-12,0.0482958904429791,"Other",2011,10
83,1,"11",1,0.00750234977996208,6.68520364943653e-13,0.0721771199215284,"Other",2011,17
84,1,"12",1,0.0194216207011147,2.35510706622901e-12,0.166180146699054,"Other",2011,10
85,1,"1",1,0.00987002304212273,1.20350621744434e-10,0.0920465479809598,"Other",2012,7
86,1,"2",1,0.00787637928540387,1.60136234748943e-12,0.0831055830100504,"Other",2012,10
87,1,"3",1,0.00655590735184532,2.00329001612349e-12,0.0646681113180409,"Other",2012,10
88,1,"4",1,0.00316718132536197,3.86019692539538e-13,0.0257886948653865,"Other",2012,3
89,1,"5",1,0.0333615766881795,5.49027071932891e-12,0.355615585224997,"Other",2012,6
90,1,"6",1,0.00352537733078707,3.68868923983844e-13,0.0333932009457717,"Other",2012,8
91,1,"7",1,0.0620809885976628,1.24164732465853e-12,0.442051313533286,"Other",2012,8
92,1,"8",1,0.0183231041396483,6.97764254164333e-13,0.14662721736103,"Other",2012,9
93,1,"9",1,0.034520840270898,3.2377636837265e-12,0.284717298533355,"Other",2012,15
94,1,"10",1,0.00461212716845561,4.26501626637986e-12,0.0469348018433858,"Other",2012,15
95,1,"11",1,0.00792862359589489,7.64167945369928e-13,0.0762403854882493,"Other",2012,10
96,1,"12",1,0.0284932154874505,2.95503625533967e-12,0.249058704845127,"Other",2012,10
97,1,"1",1,0.00839842251671095,1.03559812900453e-10,0.0759353391264128,"Other",2013,14
98,1,"2",1,0.00786320171101622,1.69418977605105e-12,0.0811902374230901,"Other",2013,3
99,1,"3",1,0.00728810388249943,2.30212136812637e-12,0.0719041779228206,"Other",2013,8
100,1,"4",1,0.00307738999390696,4.1449480044176e-13,0.0254191215932015,"Other",2013,1
101,1,"5",1,0.0310817058677426,5.26907885778089e-12,0.339159586335798,"Other",2013,3
102,1,"6",1,0.00277376946245584,3.27963784650208e-13,0.0278180142013381,"Other",2013,8
103,1,"7",1,0.0957580737042944,1.37935112559572e-12,0.592909578328179,"Other",2013,15
104,1,"8",1,0.0182271190858453,6.48979383900455e-13,0.145646371824267,"Other",2013,11
105,1,"9",1,0.020113696579599,2.04435900128915e-12,0.172069407019958,"Other",2013,17
106,1,"10",1,0.00495283416333491,4.55308466478928e-12,0.0499165477803144,"Other",2013,13
107,1,"11",1,0.00653564038178013,5.89197003577299e-13,0.0619210089283304,"Other",2013,23
108,1,"12",1,0.019297443943636,2.30383800206226e-12,0.162769005037338,"Other",2013,28
109,1,"1",1,0.00806460061499425,9.88115307474131e-11,0.0733030675823216,"Other",2014,12
110,1,"2",1,0.00796542909650702,1.61109170897553e-12,0.0842292505414244,"Other",2014,15
111,1,"3",1,0.00688596402833162,2.2028326847973e-12,0.0673321804182336,"Other",2014,16
112,1,"4",1,0.00284088741447813,4.05325338229918e-13,0.0250369710883066,"Other",2014,3
113,1,"5",1,0.0309664381528994,5.20373725264839e-12,0.338229642024005,"Other",2014,5
114,1,"6",1,0.00303026057054078,3.70059627942157e-13,0.0295852551346311,"Other",2014,9
115,1,"7",1,0.0594364289023216,1.3161840367845e-12,0.408292218274063,"Other",2014,12
116,1,"8",1,0.0271039067738516,9.41602922332796e-13,0.209877460825945,"Other",2014,18
117,1,"9",1,0.0225795888219672,2.17538866601332e-12,0.196900557662835,"Other",2014,12
118,1,"10",1,0.00508460091859402,4.6058784326724e-12,0.0507607605640451,"Other",2014,14
119,1,"11",1,0.00945936728397481,9.69171080741958e-13,0.0913334294425239,"Other",2014,19
120,1,"12",1,0.0217959892281551,2.84826713163371e-12,0.184561564513315,"Other",2014,14
