"Month","mu","li","ui","xi","yi","Source","Count"
1,0.0162187782481716,0.00162070549360457,0.0587533912179175,0.00630516252570056,0.0204921057529649,"Other",0
2,0.0151734665016296,0.00187786205018944,0.0494076778707824,0.00673518996622463,0.019287491387348,"Other",4
3,0.0207660031575568,0.00218306265258802,0.0818756856963189,0.00787948674764082,0.0251208905833657,"Other",5
4,0.0147375046375573,0.00184494463410835,0.0465856839642829,0.00657923892405426,0.0190728476420086,"Other",7
5,0.0199363612854708,0.00190520724056355,0.0710947953535066,0.0078928259948377,0.025818211042472,"Other",16
6,0.0152790435995459,0.00179388403976694,0.0496220131127851,0.00682183881935182,0.0194699595201174,"Other",5
7,0.0146664810064374,0.00186523813105626,0.0469911101171454,0.00662465497368807,0.0188046612195004,"Other",5
8,0.0136746834044668,0.00163212679760465,0.0443322517249733,0.00626769650133138,0.0175546813676619,"Other",12
9,0.0154727414443112,0.00210577446344215,0.0479375520068843,0.00727322084617785,0.0199923036436569,"Other",12
10,0.015553616640287,0.00203809180126171,0.0493747795157147,0.00713145674779267,0.0202470179252233,"Other",16
11,0.0184384736095853,0.00300733312182713,0.0534620055478245,0.00919796672035584,0.023817074669133,"Other",37
12,0.0132691820728504,0.00170037067322431,0.0416079697566236,0.00615267785895356,0.0171967320097572,"Other",24
13,0.0202776663629301,0.00270124978476726,0.0636965628992325,0.00938436697342008,0.0260389249308389,"Other",20
14,0.0137409329879071,0.00179464749137477,0.0422235341732806,0.00637492810169425,0.0177769618594145,"Other",16
15,0.0149714406606997,0.0020204442920137,0.0452821066366083,0.0070658945837602,0.0194011925196908,"Other",16
16,0.0148358628229641,0.00194885949272516,0.0469244566938972,0.00682027281955045,0.018893583152419,"Other",9
17,0.0147760070693779,0.00197186758780934,0.047086560325969,0.0068613518082338,0.0189049461108221,"Other",24
18,0.0135561678517088,0.00172925233585964,0.0402730340742314,0.0064865888752025,0.0176969901288178,"Other",23
19,0.0124760502064289,0.00154237097986032,0.0386025059977815,0.00562547159233209,0.0161520744274674,"Other",14
20,0.0146468830442794,0.00198417679800191,0.04485407475702,0.00688380835605349,0.0187608130713379,"Other",15
21,0.0152497695859674,0.00185934176501366,0.0485436148020302,0.00686862532293874,0.0194939473154786,"Other",10
22,0.0215119753157007,0.00280410444998643,0.0734490114131021,0.00938194885024802,0.0270770821339675,"Other",11
23,0.018000045668626,0.00207836686143807,0.0586542505354912,0.0078135073605565,0.0229970274508997,"Other",23
24,0.0113877917010393,0.00129937664491109,0.0350752882409732,0.00510376121804413,0.0148260013822166,"Other",29
25,0.014540349829177,0.00157963502792207,0.0468154858618324,0.00624572669059699,0.0189427505142765,"Other",28
26,0.0118107943630586,0.00116672999666413,0.038664498981419,0.00491180471372093,0.0154036473906506,"Other",17
27,0.0152234330669777,0.0020291200509392,0.0469512043573938,0.00703393722803851,0.0197108406047736,"Other",10
28,0.0141926794795364,0.00170142341514577,0.0437419812882503,0.00653805350353296,0.0186431203130793,"Other",9
29,0.0155289063788446,0.00205935405774825,0.0486563520429196,0.00710494590637654,0.0199604732520376,"Other",17
30,0.0147958658624251,0.00194751420885758,0.047045057525916,0.00673705459066363,0.0189922117727432,"Other",14
31,0.0155090389790969,0.00209206610137395,0.0476125044307539,0.00698375493580035,0.0201574079273676,"Other",16
32,0.015161694815731,0.00199405666087215,0.0478808201283306,0.00695241201608965,0.0193809047119376,"Other",6
33,0.0173251603202646,0.00210451913170005,0.0572753045882915,0.00751367029096327,0.0220255679432209,"Other",9
34,0.0134259324044411,0.0017446805949756,0.0414137771928568,0.00626616022335276,0.0172661000288626,"Other",18
35,0.0133544292414969,0.00184639462552129,0.0389483417489912,0.00648560742733716,0.0173680043796412,"Other",30
36,0.0152174213395698,0.00180234992749696,0.0514352717359934,0.00655797329395143,0.0193687604993342,"Other",26
37,0.035076082255964,0.00748163981583867,0.0956646503866695,0.0195952665524616,0.0441130321259952,"Other",4
38,0.0354978869657233,0.00782565739291673,0.0927698260927545,0.0202216288628002,0.0446455967175067,"Other",4
39,0.0348149150462381,0.00722706078373733,0.0924887360031238,0.0196009125775716,0.0437041119912268,"Other",4
40,0.0357346593184083,0.00819161614496691,0.0963916078988849,0.0201502097018766,0.0447857194353822,"Other",4
41,0.0352866283893121,0.00713160807161371,0.0960936510468916,0.0191898043373635,0.0445290346422803,"Other",3
42,0.0354456287155592,0.00754335199071349,0.0938159790544471,0.0197021935952749,0.0446524852254356,"Other",3
43,0.0345194664465035,0.00789943380686073,0.0896458399561145,0.0198140423662161,0.0433876533652536,"Other",6
44,0.0249081319169804,0.00436581366070923,0.0683018919171167,0.0126660887924926,0.0325658967529371,"Other",27
45,0.0339270425228026,0.00716927853087969,0.0923945648232043,0.0189777303048475,0.0424773314609445,"Other",12
46,0.0348033078287193,0.00780090102754051,0.0937844541890543,0.0196722954853849,0.0432427923246986,"Other",4
47,0.0342692362143187,0.00676454525741662,0.0927637489167787,0.0191453894691319,0.0435533019565195,"Other",6
48,0.0325417898937081,0.00737240608132038,0.0847633446025373,0.0190118781554917,0.0410003567642361,"Other",14
49,0.033063074881494,0.00550710387748374,0.0951233731372711,0.0168962645308165,0.0423657156307436,"Other",15
50,0.0344047575106178,0.00701318832973864,0.0941619680891099,0.0187802783692658,0.043513874181335,"Other",5
51,0.0346531013765576,0.00765404101147382,0.0919408514083546,0.019499499882683,0.0438027888269976,"Other",6
52,0.0343548172101503,0.00796370964662164,0.089277335274777,0.0197637418577873,0.0433169581806545,"Other",7
53,0.0351335937631312,0.00755725480483598,0.0957845151538481,0.0195260780691574,0.0439383294244239,"Other",5
54,0.0474504244055367,0.0123029145224869,0.130277182982545,0.0270139908260759,0.0586155656650642,"Other",9
55,0.0375572413611274,0.0079336502074398,0.102240100316817,0.0208079929229709,0.0472440946026589,"Other",5
56,0.0387053299145536,0.00825791805669307,0.10999044373103,0.0210946429984069,0.0477196080357236,"Other",9
57,0.0492974628833336,0.0121422372032983,0.140868473337665,0.0275160747088516,0.060435037431755,"Other",7
58,0.0320918601168654,0.00693658226643233,0.0822285997835364,0.0184729250950292,0.0410208911866322,"Other",13
59,0.0339726560837924,0.007365491847246,0.0904235105048708,0.0189689296138947,0.0429712314011019,"Other",7
60,0.029664974389882,0.00529026459907603,0.0802862519114377,0.016010121534005,0.0381336074421417,"Other",18
61,0.0451378934740206,0.0117124507782651,0.118726338633221,0.0263326675631884,0.0559102318923484,"Other",13
62,0.0346959978910562,0.00808767892458224,0.0889894217210377,0.0199437511332821,0.0439197422452824,"Other",16
63,0.0333668411032303,0.00787308260881264,0.0838908562610795,0.0196847291007271,0.0419316242908779,"Other",16
64,0.0335261100601701,0.00668742401105744,0.0907015070331022,0.018483090562132,0.0424400514431571,"Other",8
65,0.0342164949515578,0.00622233106933802,0.0941889779441738,0.0183190781519458,0.0436975126907206,"Other",12
66,0.0330923890605872,0.0069303723166634,0.0878979560201464,0.0186555450233913,0.0419913251839914,"Other",9
67,0.0355536857064253,0.00791364207273228,0.0956129431046307,0.0201615967726901,0.044515595801262,"Other",12
68,0.0321547346778995,0.00717538610959365,0.0833318692397834,0.0186289400267317,0.0406161635805128,"Other",11
69,0.0329498090421043,0.00769478749908633,0.0857803062829961,0.0190491279507991,0.0416600665545043,"Other",11
70,0.0353801666933331,0.00820915903356326,0.0951598991482329,0.0202179700356581,0.0437614106515611,"Other",6
71,0.0339691903327426,0.00785225990197837,0.0861711982805488,0.0195695528920108,0.0429747118487082,"Other",12
72,0.0349348577348967,0.00569027534236841,0.099107775601836,0.0180274843192509,0.0446431755904201,"Other",9
73,0.0346806369588524,0.00765392887111174,0.091804891796654,0.0193483408983479,0.0434985818036963,"Other",8
74,0.0342862515469694,0.00737054783701818,0.0892333631855622,0.0190530245668206,0.043590202351992,"Other",8
75,0.0338883008407891,0.00723868452137975,0.0889739775583693,0.0191498101716271,0.0429191502219152,"Other",9
76,0.0605427199111678,0.0102117827106197,0.228832871323683,0.0266446073305821,0.0709972961143288,"Other",4
77,0.0343624089198648,0.00675886458171527,0.0918399710829678,0.0189872822109465,0.0441121704823539,"Other",11
78,0.0301977141075517,0.00582525285245963,0.0773735886059364,0.0169969618228837,0.0386978321225735,"Other",16
79,0.0442648275290549,0.0121698009507345,0.113122481786811,0.0259815796475104,0.0550895278944764,"Other",14
80,0.047834723217537,0.0120782592957261,0.131504715875478,0.0269141457755521,0.0595180235504255,"Other",10
81,0.0340114271005409,0.00781601359258654,0.0849286264756234,0.0198857714968519,0.0431711882209142,"Other",8
82,0.0357353255688277,0.00822768285838205,0.0945181959367739,0.0205299482623559,0.0448501464456043,"Other",10
83,0.0462429024125149,0.0121542184529542,0.121832930290878,0.0268251386450303,0.0574975254476269,"Other",17
84,0.0338111017464639,0.00764526526810141,0.0865588367766233,0.0195305248417217,0.0428015233277868,"Other",10
85,0.0375842669656776,0.00808518040496743,0.104214062171476,0.0204371474054355,0.0468984355938197,"Other",9
86,0.0422441817575464,0.0094979126361456,0.120550684924543,0.0233974169434448,0.0525248061612131,"Other",11
87,0.0348615140117551,0.00779669205724413,0.0917228858476222,0.0200304800747759,0.0434640160676136,"Other",10
88,0.0362654205389268,0.00636340433556727,0.10023192828978,0.019187279130295,0.0458995164445373,"Other",3
89,0.0369824430618539,0.00789465560995798,0.0995459001955498,0.0206978939834173,0.0461809373856319,"Other",6
90,0.0327608944357252,0.00562250110127818,0.0934389956808301,0.0170406820437551,0.0418300982068081,"Other",8
91,0.0411149483477829,0.00867425102512011,0.122263554022184,0.0222624482088688,0.0505728090024072,"Other",8
92,0.0361748208377459,0.00799028114988989,0.0941356499697405,0.020429472137634,0.0458171857328544,"Other",10
93,0.0427381867743694,0.0106518775487821,0.110712201265338,0.0250503103617462,0.0534217166487158,"Other",15
94,0.0366270520696565,0.00831704770079764,0.0946398718214238,0.0208948214101857,0.0463279878624797,"Other",16
95,0.035634077688919,0.0082616056006849,0.0934007371843265,0.020305285571584,0.0445483689248956,"Other",11
96,0.0692037100017152,0.0143036627101977,0.235864981995032,0.0325173065348193,0.0847111614222836,"Other",10
97,0.0321465109976159,0.00653254352459276,0.0836538291312146,0.0180908064034947,0.0407097427317885,"Other",14
98,0.0350235952232328,0.00747118163559836,0.0931738578904182,0.019674821789619,0.0443628816255794,"Other",4
99,0.0342446435739837,0.00764874129225192,0.0887088293753742,0.0195336961793969,0.043405054514397,"Other",8
100,0.0367633220489546,0.00775156268477819,0.100650180808919,0.0204055854175916,0.0457839071975167,"Other",1
101,0.0362469276994279,0.00800068211690325,0.0984686491040845,0.0202944304555353,0.0455113279430523,"Other",3
102,0.0474297183622318,0.00988691359013287,0.132894044483367,0.0257399983745143,0.0596192477094757,"Other",10
103,0.0621504909209124,0.0167920347173173,0.170693724645836,0.0349344852003199,0.0772917767366669,"Other",17
104,0.0665006799946159,0.0170215611402,0.186715593836486,0.0363177156008098,0.0826811780506817,"Other",12
105,0.0320750795880567,0.00730225469253819,0.0791354518590559,0.0188461125736949,0.0407536555139877,"Other",17
106,0.0318131983150013,0.00620861878774772,0.0838416934016457,0.0175956781041918,0.0409165133235499,"Other",13
107,0.0458326582110337,0.00969454029631424,0.141624941404479,0.0239856907210956,0.056080961277823,"Other",23
108,0.0314070770110368,0.00464804409405232,0.0924956855977309,0.0148092567677544,0.0410296420287288,"Other",29
109,0.0373253583761512,0.00856551103853568,0.0984494000967439,0.0212033601271791,0.0467057410164337,"Other",15
110,0.0327432268766094,0.00751166815201316,0.082474825032233,0.0188609930237427,0.0416131897240482,"Other",15
111,0.0517013847212303,0.0131463745846792,0.137296659660064,0.0296311966645613,0.0639396838441419,"Other",16
112,0.035534819531085,0.00683995401225898,0.0976689702134922,0.0191128229667701,0.0453146295653059,"Other",3
113,0.0351677377904086,0.00743652551517096,0.0940611564650279,0.0193208847769514,0.0442731138182109,"Other",5
114,0.0329839688923489,0.00673214228922095,0.0857735355530954,0.0186222076637667,0.0419431934819945,"Other",9
115,0.0453451830053476,0.0118192307338882,0.119789619697701,0.026038652343829,0.0562233229412108,"Other",12
116,0.0347086963698085,0.0078900818863696,0.0898728326229137,0.0199843636172033,0.0438532962410372,"Other",18
117,0.0293707136198121,0.00517994224812358,0.0810500025124391,0.0155148866762693,0.0379762697906218,"Other",13
118,0.0415804780185908,0.00943805705862073,0.115132501375441,0.0229912268423984,0.0518848012551129,"Other",14
119,0.0305741329070605,0.00681947850071672,0.0749572751675338,0.0180893794324103,0.0389916559463254,"Other",20
120,0.0341320867357302,0.00790476834189542,0.0869395129981805,0.0196848472432325,0.0431296616418754,"Other",15
121,0.0352100313707317,0.00669607338425074,0.0973056411295505,0.0193356952523309,0.0444994983060407,"Other",9
122,0.0479270338977209,0.0109948657944323,0.141611760340619,0.0255979970867059,0.0587577677814593,"Other",11
123,0.0460953612044559,0.0100822307239598,0.137963026344926,0.0242284918223118,0.0571716763960319,"Other",9
124,0.0357115585002291,0.00703024015776367,0.0969894032536675,0.0198496875593543,0.0452853825401333,"Other",2
125,0.0358457871298329,0.00760126016708636,0.097781103299818,0.0200357160538393,0.0447434300307077,"Other",3
126,0.0344356629363574,0.00760094330913947,0.0904302379622647,0.0196123064791188,0.0435975818618524,"Other",5
127,0.0341722954348941,0.00753718151780553,0.0870711063831479,0.019521325255184,0.0435089926881871,"Other",6
128,0.0336157794188605,0.00758452120776085,0.0861060423124775,0.0191887149986259,0.0426982126131896,"Other",9
129,0.0334550232561638,0.00815407939036372,0.0827473881025747,0.0196881275774492,0.0424569097068955,"Other",18
130,0.0398119587070073,0.00871458502351722,0.113502302252956,0.0219724055701646,0.0492965559714479,"Other",7
131,0.0412125587529173,0.0102424199013894,0.103661991853212,0.0242086507549388,0.0519470975266533,"Other",27
132,0.0365253898069381,0.00643432247122264,0.110180807504822,0.0177305985171617,0.0471134075689422,"Other",16
1,0.725900626912044,0.383427220827776,0.935919063814426,0.640227552558399,0.836671805175908,"Poultry",0
2,0.734128490929763,0.442858940514319,0.925861308392251,0.66393347270453,0.823727626914363,"Poultry",4
3,0.69044478641024,0.357230329052123,0.90110440616147,0.61156712701381,0.790697624932394,"Poultry",5
4,0.752689877654996,0.511389774039092,0.924536101303705,0.68755660973156,0.830982547913715,"Poultry",7
5,0.502505398540497,0.189559478679766,0.790725352690636,0.38557793105785,0.624887305089246,"Poultry",16
6,0.713668645392285,0.400321280546277,0.918130276535619,0.637702219166639,0.810653237441916,"Poultry",5
7,0.747411751714549,0.48775856298924,0.924750262693564,0.680851759828669,0.82862563027679,"Poultry",5
8,0.773684169836793,0.554947339193761,0.933309679726802,0.715371009840503,0.844886702335367,"Poultry",12
9,0.675434747080254,0.402226754435251,0.872434862212585,0.603234912230635,0.762049211345999,"Poultry",12
10,0.664347097259008,0.401819508248897,0.862202976470409,0.588716132614597,0.752865291674179,"Poultry",16
11,0.72211617170077,0.53413197080829,0.872179955184967,0.668523578608729,0.783282331327809,"Poultry",37
12,0.785943700968179,0.596474234935797,0.929306629435864,0.73248016971191,0.847517222597849,"Poultry",24
13,0.697459864443297,0.466208641982688,0.868178840592393,0.632722176775675,0.772038360759433,"Poultry",20
14,0.775419523111073,0.575944847043645,0.921990394749021,0.72114737089413,0.838693074657144,"Poultry",16
15,0.68030439720126,0.428763380432544,0.866653819814942,0.610881001355898,0.761374946068814,"Poultry",16
16,0.731655373245985,0.483650568992105,0.907383725516855,0.667011940581717,0.811470047469752,"Poultry",9
17,0.745168688338196,0.53686904078001,0.904775347184953,0.685539047854305,0.812931937379086,"Poultry",24
18,0.744753139560187,0.527403914008656,0.904489037800021,0.685384119975293,0.814177577606899,"Poultry",23
19,0.811040591674174,0.614315166207691,0.950521541798491,0.759225967750298,0.874384075314064,"Poultry",14
20,0.708465614138892,0.469244254090365,0.88673662172841,0.64076503384359,0.785882673583919,"Poultry",15
21,0.729106503908472,0.477634877066645,0.90623092021292,0.663307192042771,0.810215473565627,"Poultry",10
22,0.749727936198346,0.530415736555187,0.914198317708854,0.688256388595852,0.820494251960332,"Poultry",11
23,0.842430842120084,0.679642695073373,0.956141865420448,0.797893875806189,0.895884220583474,"Poultry",23
24,0.848584042685787,0.696526109112556,0.956707089049708,0.807766590389184,0.898336596834825,"Poultry",29
25,0.840569142617482,0.690097469538184,0.950513311786771,0.798804475344931,0.889870960025163,"Poultry",28
26,0.8527009942099,0.679786431814747,0.9680141557982,0.806504171649911,0.909669523021693,"Poultry",17
27,0.709202090915138,0.457781632646459,0.890549832491324,0.642045024231591,0.788659177810605,"Poultry",10
28,0.759991856054261,0.517638579206925,0.92742991962876,0.697557331694858,0.835548007127617,"Poultry",9
29,0.664128068747579,0.412713454064707,0.864451632320634,0.588776455736893,0.749232425300492,"Poultry",17
30,0.730395916606287,0.510583626914772,0.895554242403177,0.669527631911356,0.802461941259946,"Poultry",14
31,0.615084886358758,0.301224763141586,0.847608742215831,0.526574823782866,0.719135535363997,"Poultry",16
32,0.721329878664472,0.459050455014067,0.906579504654765,0.651101119304284,0.805111077254614,"Poultry",6
33,0.597056748451111,0.289338599193661,0.839147960023971,0.501209054256389,0.703529851687747,"Poultry",9
34,0.773045982672737,0.561291949945222,0.928605368272771,0.716020183272676,0.841309568828642,"Poultry",18
35,0.731559504239583,0.532867971677003,0.891091310029663,0.672038506165445,0.798122624828743,"Poultry",30
36,0.815455130406474,0.642304267708632,0.940584458619916,0.768975000544883,0.871338364364678,"Poultry",26
37,0.530384745863743,0.236066968102357,0.823112792197988,0.427045981062271,0.634544137577249,"Poultry",4
38,0.472701742377208,0.201265531021171,0.748417546818833,0.374058298285766,0.569010123432577,"Poultry",4
39,0.406851198905928,0.13057517524931,0.689506069309344,0.307142646817866,0.507824043534714,"Poultry",4
40,0.460711303793064,0.195552496168711,0.737100113764836,0.363888875816507,0.554551742532362,"Poultry",4
41,0.413509598365596,0.124334003546472,0.70669980721044,0.30822463036866,0.517908640377642,"Poultry",3
42,0.45155900237555,0.153998015035292,0.760981934800881,0.344371513801799,0.557623299767185,"Poultry",3
43,0.525422596316196,0.262232044586507,0.803752650406554,0.428460253636976,0.619176874147676,"Poultry",6
44,0.234987027101722,0.0751756012718364,0.441783258384543,0.162579135032551,0.297903261673841,"Poultry",27
45,0.393986420819874,0.144833874412313,0.649474431452672,0.303342037041025,0.483506194143469,"Poultry",12
46,0.526337772680579,0.247447074434545,0.817875790299529,0.423500621568872,0.626217718353751,"Poultry",4
47,0.577255459163001,0.305024482800627,0.841312225634531,0.480940043084093,0.672879275958311,"Poultry",6
48,0.54700911219873,0.289418190778088,0.806896257844501,0.454434047460796,0.636546407091479,"Poultry",14
49,0.683795458620087,0.437141064876532,0.901866112278734,0.598718260443742,0.775479317753215,"Poultry",15
50,0.580709519417995,0.283891030618594,0.869158278500534,0.474674207471404,0.686620891941704,"Poultry",5
51,0.539464798971278,0.267663697831888,0.809912085263962,0.443944446326326,0.636988984004477,"Poultry",6
52,0.458012509393352,0.190482815063214,0.726661564646601,0.364163021331763,0.550607373546526,"Poultry",7
53,0.518970467603576,0.220231235160901,0.822488824246271,0.412085522624147,0.623816329887292,"Poultry",5
54,0.456317491385439,0.213104709169996,0.702865795443791,0.37091041486063,0.54275502558137,"Poultry",9
55,0.518012826692123,0.239419254382622,0.795927052291883,0.418918024535415,0.616052700853833,"Poultry",5
56,0.55180206537139,0.305948999403207,0.796496008829846,0.463950751690312,0.638945062071228,"Poultry",9
57,0.489695602579403,0.234636061347251,0.754625343913308,0.399623767346382,0.5794603556732,"Poultry",7
58,0.593910316414323,0.347158800331025,0.827417326400209,0.510263113018056,0.679592035118409,"Poultry",13
59,0.427450045165766,0.151490064608956,0.696892047370314,0.332169641437855,0.521470185337852,"Poultry",7
60,0.656286864788713,0.404211798315402,0.890504202347834,0.570239315084497,0.746204588497668,"Poultry",18
61,0.564876414411007,0.320264131966237,0.799137536211755,0.482723325820754,0.64949998674178,"Poultry",13
62,0.455807088377911,0.203746828497244,0.712547997027615,0.365657222815897,0.544582391165209,"Poultry",16
63,0.462167222458071,0.243565922038505,0.682799909739305,0.384567875884223,0.537997590294332,"Poultry",16
64,0.38840973244624,0.109629809257928,0.679319074594072,0.283024552964419,0.489276010662255,"Poultry",8
65,0.309837619885039,0.0819888830894325,0.576405853902093,0.214493451347225,0.398404751264524,"Poultry",12
66,0.556408505373398,0.27995949238681,0.839608722529526,0.455824982002702,0.655247025010672,"Poultry",9
67,0.483573413441258,0.242883442879493,0.729390990511838,0.397111171886491,0.569142439083944,"Poultry",12
68,0.434576879068724,0.166299504199911,0.699564475269064,0.342048733629928,0.528930882647716,"Poultry",11
69,0.430631587431959,0.192050998770201,0.671055389710419,0.345817530377669,0.515207044381293,"Poultry",11
70,0.526302427870253,0.280506633485215,0.772093164271254,0.438834234375473,0.613351389891335,"Poultry",6
71,0.496507787679722,0.244193110257964,0.747923672819763,0.408925213758873,0.584636213043432,"Poultry",12
72,0.648170958810697,0.369247864782073,0.901974633407445,0.551370798308334,0.751832644856357,"Poultry",9
73,0.556390148161106,0.302652137378547,0.810207896960379,0.468573668900399,0.643903163999885,"Poultry",8
74,0.440565509223894,0.17819184116063,0.700556175138367,0.349449904704873,0.5330471092973,"Poultry",8
75,0.396661821341027,0.138993295091912,0.665032684695494,0.30084367887884,0.489706321838004,"Poultry",9
76,0.460982787838662,0.194230467928118,0.737862535418763,0.366264304654997,0.554577660340432,"Poultry",4
77,0.369063206913493,0.127383642007239,0.63375294081632,0.274741493602205,0.458107969763955,"Poultry",11
78,0.354311865197423,0.120258699569479,0.610005246359075,0.264534097464746,0.438474608259703,"Poultry",16
79,0.444716992784114,0.223243780095656,0.673870196406059,0.36546691759054,0.522056370701805,"Poultry",14
80,0.539540029428752,0.305069524396048,0.775096459822411,0.456549425276588,0.623878561897431,"Poultry",10
81,0.476804376972877,0.242512466812486,0.721519513330132,0.393105788246022,0.560641697849923,"Poultry",8
82,0.437287786572855,0.193026489789769,0.689327680950667,0.3501792113561,0.521722248077271,"Poultry",10
83,0.498347177562857,0.270039799991898,0.725775437569711,0.419616271411971,0.578642310467494,"Poultry",17
84,0.556710361681522,0.300971869573221,0.810068606394115,0.467606997145874,0.646411779965123,"Poultry",10
85,0.552919271300654,0.307076918519912,0.801582800793577,0.464823869785386,0.642051945163262,"Poultry",9
86,0.499012494408228,0.262695270337563,0.732593482963759,0.415794442957253,0.582252525758095,"Poultry",11
87,0.455828167671074,0.198661145313972,0.714541066325321,0.364898978440157,0.546247665784974,"Poultry",10
88,0.361786307574834,0.0924746741837088,0.650210573900765,0.254386933267854,0.461781056906189,"Poultry",3
89,0.536292299958241,0.265656398943735,0.811424579073445,0.439883782941668,0.63274823157202,"Poultry",6
90,0.652076023723941,0.377114451193947,0.903915164914195,0.552053653447421,0.756080507739232,"Poultry",8
91,0.471603216585595,0.229792621786084,0.718906336392628,0.386638976542162,0.558257181397086,"Poultry",8
92,0.462767183234292,0.218041805332738,0.706832833826392,0.376538940944939,0.549114365672981,"Poultry",10
93,0.351526169410377,0.130259010917637,0.588250950551225,0.265616526414407,0.433458438114337,"Poultry",15
94,0.508983761471996,0.285777238513056,0.733409498314465,0.430708657444761,0.587624014384808,"Poultry",16
95,0.467019306661259,0.223515601122128,0.719683200103242,0.382042865883738,0.552460226370677,"Poultry",11
96,0.470919916917327,0.214776771796156,0.727903833670244,0.380635491542369,0.56152221337637,"Poultry",10
97,0.35936336128173,0.118047410351445,0.620257898430791,0.267257155569854,0.446992177303207,"Poultry",14
98,0.415298866141668,0.167172565223838,0.678865673817899,0.324253657578023,0.504920174983075,"Poultry",4
99,0.517046536013039,0.265045137723242,0.774337043680545,0.426480084186753,0.605541450855428,"Poultry",8
100,0.473511498107321,0.17423376805591,0.770622852086967,0.368768178062564,0.576604130628142,"Poultry",1
101,0.50860498788203,0.239213615430893,0.782566540944126,0.413014809270836,0.604993449738527,"Poultry",3
102,0.296625442423067,0.0785638335817628,0.552039995219285,0.201435128963857,0.385086502668071,"Poultry",10
103,0.483806388994468,0.25144208721505,0.716089022223755,0.401464106275268,0.567226571447815,"Poultry",17
104,0.382906821412571,0.157094846920375,0.615921864979659,0.297696592609497,0.465116443642232,"Poultry",12
105,0.467534532749684,0.244945148696973,0.696572151333935,0.387538644477663,0.546262299567322,"Poultry",17
106,0.615128762559953,0.35997002123988,0.868286929722054,0.521240216074748,0.707589110667023,"Poultry",13
107,0.546028157041773,0.342614676897448,0.741735550481302,0.476732223768279,0.616987315943341,"Poultry",23
108,0.754595355476803,0.536330375098787,0.922864875251955,0.688468489990058,0.830488615689205,"Poultry",29
109,0.490659147212104,0.232645828841781,0.746366345888404,0.398037960197041,0.581538806104482,"Poultry",15
110,0.562600999511421,0.332571041356964,0.799742069245578,0.480210950440678,0.64337877438466,"Poultry",15
111,0.360581595076985,0.147188144104317,0.585634508859413,0.281210119821111,0.43564756353144,"Poultry",16
112,0.381309701245163,0.1063792161412,0.670376001592814,0.275548140197433,0.482583242313935,"Poultry",3
113,0.411928160724476,0.136454715872751,0.694772163244904,0.31640059081013,0.506936391097861,"Poultry",5
114,0.378343559761171,0.140171512058151,0.62695336575644,0.287909037500614,0.466329532247739,"Poultry",9
115,0.496873464180951,0.254310697690365,0.744384797575934,0.409807619373736,0.582839298996445,"Poultry",12
116,0.432106739985446,0.23454068652314,0.632897621513363,0.360803880363474,0.502087629826891,"Poultry",18
117,0.294540976044264,0.0929244317042929,0.532199881896339,0.211323084680814,0.371917540789895,"Poultry",13
118,0.551508662724935,0.320397906499582,0.787928546384181,0.468800485671,0.63319057090279,"Poultry",14
119,0.573588630861102,0.345089484221308,0.799024683278724,0.494002853192249,0.65270435071214,"Poultry",20
120,0.526110411100264,0.299709978421044,0.744984715601497,0.450166306177861,0.60324904864567,"Poultry",15
121,0.618511598467879,0.368570819746904,0.856614922665718,0.531026104053899,0.706738456913522,"Poultry",9
122,0.51355279363028,0.276112556527018,0.753260594543941,0.429858254054643,0.598080718424851,"Poultry",11
123,0.529636080303118,0.276374998109611,0.777582159591405,0.440874210792498,0.61766073769194,"Poultry",9
124,0.429345591772361,0.134643778453225,0.728056249992168,0.32157303130333,0.534306477113459,"Poultry",2
125,0.517900269009887,0.233220901940563,0.81545247827798,0.413135752319049,0.619752617283333,"Poultry",3
126,0.552741238038628,0.301309390589312,0.810202228704659,0.46057599167936,0.64347890643281,"Poultry",5
127,0.526281813944796,0.266164391780773,0.793804460511812,0.432445438547365,0.618986467525535,"Poultry",6
128,0.48581909573859,0.220349915334738,0.768851828984407,0.388524301876001,0.581171850031076,"Poultry",9
129,0.437695442382693,0.240595709871258,0.644994247252467,0.364407598018867,0.508482197426579,"Poultry",18
130,0.480503594152572,0.235756839616224,0.728582430242165,0.393131482754394,0.568141298025586,"Poultry",7
131,0.483266988456282,0.281414128245502,0.688513025461732,0.411197806076261,0.554066115028022,"Poultry",27
132,0.675317071666457,0.428269728199755,0.870053264991248,0.600597176430435,0.760398753699678,"Poultry",16
1,0.255989267499412,0.0542357046456183,0.596615387159129,0.147364156700006,0.338525074834204,"Ruminants",0
2,0.248828848765475,0.0653644644255558,0.53419538713351,0.161405057276765,0.317327021453456,"Ruminants",4
3,0.286707878122698,0.0872484584573083,0.60551191919967,0.190380923002495,0.361639457960424,"Ruminants",5
4,0.230741707262912,0.0657737195971983,0.466770378874295,0.154133620094482,0.293173193781416,"Ruminants",7
5,0.475222720220814,0.190823350299224,0.786700906724115,0.353710320366455,0.590798137390322,"Ruminants",16
6,0.269158865918534,0.0703008877707714,0.576817042276043,0.173303533895484,0.343343590767011,"Ruminants",5
7,0.236093510058252,0.0651458729707983,0.49327962155317,0.156159756343851,0.300145918082934,"Ruminants",5
8,0.210896740129905,0.05805618911032,0.427626866456654,0.141229895728052,0.267452017614754,"Ruminants",12
9,0.307090150461803,0.115341804929205,0.579180669954703,0.221251696689764,0.377695497994545,"Ruminants",12
10,0.318084317490742,0.12428810463688,0.577550079452484,0.231313414435228,0.392193109497904,"Ruminants",16
11,0.257426739296008,0.112660973849834,0.441437722242275,0.198156812181825,0.308675515064202,"Ruminants",37
12,0.199058281034122,0.061771024979337,0.384397861700439,0.13886753498956,0.250569547738204,"Ruminants",24
13,0.280146906042002,0.11381433751896,0.506190161458654,0.206905753953034,0.342382442258649,"Ruminants",20
14,0.209091910789079,0.0682850157359242,0.408504772078676,0.146115407606477,0.261589334972514,"Ruminants",16
15,0.302763399151549,0.120240503507818,0.553094151028925,0.222830754688101,0.371098097322368,"Ruminants",16
16,0.251632074281549,0.0824567781378962,0.495019492877388,0.17424420314196,0.314314385392355,"Ruminants",9
17,0.23820455324922,0.0831963741224941,0.442985999597266,0.171242355725461,0.296373063598177,"Ruminants",24
18,0.23988978624491,0.0850458503731274,0.455204450495214,0.171974921064303,0.297604781461565,"Ruminants",23
19,0.174869639976032,0.0419858572499225,0.367290740235681,0.11353147615118,0.225044428614372,"Ruminants",14
20,0.274997439510763,0.10097045122884,0.511382284736157,0.197741689077828,0.340667301217506,"Ruminants",15
21,0.253732926795135,0.0821606818595568,0.501573610424495,0.1747410612964,0.317944716881215,"Ruminants",10
22,0.226736960428235,0.0719820216584982,0.438036710750271,0.15834850150926,0.285759307413546,"Ruminants",11
23,0.137795933820514,0.0310072284886895,0.293854068286694,0.0851326497502305,0.180173987503835,"Ruminants",23
24,0.138544594880287,0.0363889330311886,0.287406298638138,0.0902225790068557,0.177535350911509,"Ruminants",29
25,0.143301178812225,0.0404760678580402,0.28738390180941,0.0959222608475922,0.182708827046205,"Ruminants",28
26,0.13400026799239,0.0257257134246277,0.302168394940819,0.0790301002485371,0.178216401579388,"Ruminants",17
27,0.27365248391983,0.097253767366002,0.521245801213479,0.196240476989989,0.33903731435326,"Ruminants",10
28,0.22400662991418,0.0629809315118609,0.46289340443363,0.150560553789416,0.283500102352274,"Ruminants",9
29,0.318336166155579,0.123657260961451,0.566889422038888,0.234651078746955,0.391769514979679,"Ruminants",17
30,0.252925532928026,0.0930392799645445,0.4676908266911,0.182382900174725,0.31153064846857,"Ruminants",14
31,0.367399449695084,0.139535599987091,0.679194740949861,0.263812525655009,0.454066012570056,"Ruminants",16
32,0.261599925512283,0.082104257521447,0.521070392915295,0.179699156383829,0.329700652305417,"Ruminants",6
33,0.383348361955394,0.146505709032892,0.688422064262897,0.277544821408751,0.478092696434813,"Ruminants",9
34,0.211797352273707,0.0612735846494429,0.420485977960528,0.144800222013051,0.267261086872928,"Ruminants",18
35,0.253253159892718,0.0971447667227216,0.449931580300242,0.188196617417746,0.312101916924443,"Ruminants",30
36,0.16759970124715,0.0469991840049258,0.338827980621321,0.113203075778476,0.212335676150534,"Ruminants",26
37,0.43282002556564,0.14948034008725,0.729816007660947,0.329018556492694,0.534359546348229,"Ruminants",4
38,0.4900349796746,0.217150675692612,0.766421352543048,0.393129614769163,0.589477280841023,"Ruminants",4
39,0.556632435664627,0.272854523687408,0.839509962097749,0.453485041846005,0.65856527760222,"Ruminants",4
40,0.501791344696156,0.230688486360612,0.772290737883609,0.405990119743821,0.5977018090939,"Ruminants",4
41,0.549484543723828,0.258038627091002,0.847027094318214,0.44321066529239,0.656553780885371,"Ruminants",3
42,0.511281163982002,0.208630586035248,0.819233468736105,0.403920583688262,0.617245061097903,"Ruminants",3
43,0.438335835866609,0.167296632674798,0.703750452352907,0.345133031471953,0.533332278113219,"Ruminants",6
44,0.738703293266336,0.527457717992078,0.90940762355874,0.672552699715928,0.81337653337087,"Ruminants",27
45,0.57037840952913,0.318471071340956,0.826132799757265,0.480030761986563,0.661617484553607,"Ruminants",12
46,0.437126520409454,0.154340618480938,0.717431756510887,0.336830963412439,0.537874823746245,"Ruminants",4
47,0.38675242624868,0.131783533785748,0.660606245424735,0.290927316273723,0.479660280181307,"Ruminants",6
48,0.418757113931126,0.169424885866296,0.676377212001041,0.329466395220319,0.508192909596861,"Ruminants",14
49,0.281520555019761,0.07881892371382,0.5212470200304,0.191958574089742,0.36168814658116,"Ruminants",15
50,0.383183655363059,0.1044496682405,0.681809579989528,0.275906097057649,0.486575388625889,"Ruminants",5
51,0.424173457262834,0.161752834304075,0.698580448906134,0.327141316939511,0.518188269483749,"Ruminants",6
52,0.505886750028478,0.24040745893563,0.776819397895211,0.412000667584202,0.597642132780311,"Ruminants",7
53,0.444177706813398,0.14718685790114,0.744865039524196,0.336375954565053,0.548754841460194,"Ruminants",5
54,0.49433464632257,0.249328345775807,0.742001782225345,0.407922484626123,0.577976809737402,"Ruminants",9
55,0.442637777933855,0.172408748635034,0.725533922132114,0.344208280455241,0.540304381338876,"Ruminants",5
56,0.407715265282386,0.171405441580381,0.654146491365059,0.320463479053707,0.492405112354365,"Ruminants",9
57,0.459093053285673,0.20158428633357,0.716686569231935,0.37003016777923,0.548339891189585,"Ruminants",7
58,0.372316222065143,0.148497504439925,0.616573272963187,0.288426724585955,0.453373976484347,"Ruminants",13
59,0.536896448407517,0.268829044834451,0.821529283485781,0.439891978828316,0.631761324148247,"Ruminants",7
60,0.312472093942739,0.0936231003800184,0.560398266586016,0.224453709180728,0.394928466484172,"Ruminants",18
61,0.388101361586247,0.157591271197009,0.632079599221936,0.304038099886654,0.469396967692993,"Ruminants",13
62,0.507726084653149,0.257445865922049,0.763891061270447,0.417694718431866,0.596465453362199,"Ruminants",16
63,0.502743797475504,0.282744216303046,0.72470299428093,0.426048662139181,0.579706760651313,"Ruminants",16
64,0.576390879998395,0.287013494419168,0.867918328068772,0.471748843317074,0.679435508395144,"Ruminants",8
65,0.654269058480824,0.38356963110441,0.892501287818454,0.562580398121935,0.753216349818165,"Ruminants",12
66,0.408813505369099,0.136092984567449,0.685085098368925,0.31050958563309,0.50605077151337,"Ruminants",9
67,0.479121823689688,0.238241822422855,0.724296160205087,0.392495607620827,0.563979966861346,"Ruminants",12
68,0.531568276269874,0.267499677197584,0.810067599312761,0.43767250064015,0.623997249623555,"Ruminants",11
69,0.534703986143826,0.297114443344848,0.779474939599728,0.44999839556908,0.619785000185843,"Ruminants",11
70,0.436567030461308,0.19896811176732,0.683909665751186,0.349335994657855,0.522041863180679,"Ruminants",6
71,0.46780037753761,0.220879518481785,0.720646764774317,0.380082892613214,0.554397302513365,"Ruminants",12
72,0.315191631016874,0.0765548138684405,0.589637987437067,0.213840301190627,0.408934564111835,"Ruminants",9
73,0.407200504616339,0.163227523731732,0.66151557170311,0.319152380968149,0.492362492794692,"Ruminants",8
74,0.523420227996006,0.269401221053699,0.795164232260624,0.429383539328574,0.614412396758531,"Ruminants",8
75,0.567755800937359,0.299547678303098,0.833097539605755,0.471937161337831,0.663553870101087,"Ruminants",9
76,0.476567691182772,0.199783883418009,0.754612806645278,0.379294167201678,0.573460029208406,"Ruminants",4
77,0.594814328487137,0.329366831627982,0.846095423651705,0.50117431295234,0.688533477146439,"Ruminants",11
78,0.613870134696876,0.357934749028634,0.857676050631523,0.526782912736725,0.704760521673996,"Ruminants",16
79,0.509140903917659,0.285556998702322,0.733044401608622,0.430964569882626,0.588231253407197,"Ruminants",14
80,0.410725843348738,0.178330446161323,0.647091047183695,0.328823216618006,0.492425243513662,"Ruminants",10
81,0.487441664120604,0.24763583193104,0.725581853609911,0.403368334933428,0.570205472959288,"Ruminants",8
82,0.525198198079189,0.27801275658238,0.777001718614856,0.438878049304712,0.610429595129194,"Ruminants",10
83,0.45352339958353,0.23111686899095,0.682710586444235,0.373064702682859,0.529065776085857,"Ruminants",17
84,0.407773715813439,0.16220810222439,0.661946302929425,0.317592670629134,0.493096724588861,"Ruminants",10
85,0.407694260332431,0.167494326193341,0.65671594326248,0.317913541189357,0.49413987673814,"Ruminants",9
86,0.456899343911337,0.222801479979565,0.701367788526606,0.372754981232206,0.53911703085443,"Ruminants",11
87,0.507561892336276,0.253108239676022,0.767380651970254,0.415999563973433,0.597878003473015,"Ruminants",10
88,0.600233436138853,0.313901592902777,0.880869089252457,0.496904419522575,0.706744461673648,"Ruminants",3
89,0.42496849477771,0.159978833477744,0.693576595670979,0.32928908059267,0.519091653937509,"Ruminants",6
90,0.313506402944058,0.07707043499342,0.586008363602876,0.212048157369182,0.408374746826595,"Ruminants",8
91,0.485484750870911,0.244008531917201,0.731349313455086,0.398576847552346,0.571030259851271,"Ruminants",8
92,0.499265220352071,0.25964038627647,0.746694568161579,0.41067886459743,0.585468106271021,"Ruminants",10
93,0.603867625418826,0.366818303264536,0.827348757266331,0.520973343876643,0.691239694771463,"Ruminants",15
94,0.452597963912685,0.235381718148692,0.676899830353206,0.373749110003438,0.530229931116114,"Ruminants",16
95,0.495578634586702,0.244654319992989,0.743935129760257,0.409437256216081,0.58030106178219,"Ruminants",11
96,0.457912047017488,0.209554594192625,0.710096627285692,0.36862296344041,0.546663425648214,"Ruminants",10
97,0.606814872193207,0.342601027686317,0.859676556715334,0.51666674840209,0.700820553507261,"Ruminants",14
98,0.547963829264853,0.291064034873024,0.803627788328822,0.456188085357287,0.639467778153908,"Ruminants",4
99,0.446974794539163,0.193964006302299,0.704707673383437,0.359072648187148,0.534833481305636,"Ruminants",8
100,0.487968123928933,0.197285057540975,0.795640994299989,0.382690708965387,0.59086254090022,"Ruminants",1
101,0.453406209390299,0.187046562732052,0.726844294741798,0.355859216895949,0.54852134635867,"Ruminants",3
102,0.653999380378402,0.39854910695408,0.880972351568664,0.565212841615858,0.74879553219532,"Ruminants",10
103,0.45204215824618,0.222690361054817,0.683235507513894,0.369124511621544,0.533046934132338,"Ruminants",17
104,0.548529770286739,0.319505003077271,0.778189427415702,0.465710819996151,0.632726380146492,"Ruminants",12
105,0.49865778377979,0.272812907340362,0.726398223137612,0.419099102559623,0.578320919528409,"Ruminants",17
106,0.351394676263534,0.110186588717947,0.605471186582579,0.260044593372123,0.441340256067516,"Ruminants",13
107,0.406284643303036,0.218402283807165,0.603016566919058,0.33699384543511,0.472572558171806,"Ruminants",23
108,0.212382716442618,0.0593643284098995,0.420645241864057,0.139635596788474,0.274672911657458,"Ruminants",29
109,0.470228302765807,0.220544656271503,0.726922543840449,0.378838845509811,0.560386628092886,"Ruminants",15
110,0.402953738050815,0.172568033325933,0.633206729639942,0.323159375903052,0.482833490302571,"Ruminants",15
111,0.585775278193554,0.361531561326724,0.800617084357527,0.510091701897003,0.66386716646532,"Ruminants",16
112,0.581424290304125,0.29063811380155,0.869562574988968,0.475341622317189,0.687256591356333,"Ruminants",3
113,0.551169991519189,0.270761402397037,0.836843859639228,0.453229203561433,0.648054250109695,"Ruminants",5
114,0.586992330599048,0.336502732924964,0.834593613493975,0.496650754126822,0.679489888068112,"Ruminants",9
115,0.455884994593133,0.211458789781644,0.698987581606958,0.368870943740087,0.541385782000826,"Ruminants",12
116,0.53143826400434,0.328430145936872,0.734303103608653,0.459269914846025,0.603732582162876,"Ruminants",18
117,0.674532519994713,0.434691818652651,0.889695413939102,0.593669927274781,0.759705020707889,"Ruminants",13
118,0.405087396875492,0.178698758726972,0.633925654998065,0.325391321801923,0.486666377487832,"Ruminants",14
119,0.394169774188609,0.177812219180978,0.623166053142621,0.315715761310953,0.471744148805527,"Ruminants",20
120,0.438016383967636,0.226036457327345,0.662479905295606,0.360878170932613,0.513418267589199,"Ruminants",15
121,0.344577507872049,0.117962847289239,0.588309018050275,0.257730772247167,0.427240653944092,"Ruminants",9
122,0.4365888926941,0.203253505455526,0.678920442217791,0.352118170603463,0.519446713524393,"Ruminants",11
123,0.422402318114224,0.183172205364302,0.679307699410226,0.335465160089353,0.507760035429659,"Ruminants",9
124,0.533200208648393,0.24149183219618,0.837114253064247,0.425934481734906,0.6388267510446,"Ruminants",2
125,0.444507160810058,0.15754647886226,0.734054658791427,0.341556923379759,0.547538427957802,"Ruminants",3
126,0.411100029743902,0.162950780500799,0.664618842895281,0.320982012566445,0.501412158473337,"Ruminants",5
127,0.437812388640857,0.173842084652863,0.700427658861898,0.343694870565922,0.53028881880138,"Ruminants",6
128,0.478845197964405,0.20376494101082,0.750930252697099,0.383023438555065,0.574400858962806,"Ruminants",9
129,0.527112353265785,0.323472038839042,0.729098858090468,0.456142819746508,0.599087642669212,"Ruminants",18
130,0.477858539556141,0.23472704695838,0.726064268656547,0.39070053171355,0.563177611346732,"Ruminants",7
131,0.473655733297771,0.276795106248181,0.676030583821162,0.401710026323336,0.543674891653116,"Ruminants",27
132,0.286466802745052,0.106928398943431,0.525117399686642,0.205402369626515,0.356792285432855,"Ruminants",16
1,0.00189132734037307,1.11758942425548e-05,0.0116610639516467,0.00017310368611976,0.00203054318499465,"Water",0
2,0.00186919380313221,1.03706861565043e-05,0.0108587695857041,0.000177931883501151,0.00206952650546496,"Water",4
3,0.00208133230950468,1.22009883355528e-05,0.0126152417608496,0.000198715230126274,0.00223132027796958,"Water",5
4,0.00183091044453489,1.05222873206243e-05,0.0109090961251395,0.00017595166664254,0.00197593968889678,"Water",7
5,0.00233551995321811,1.2349995320841e-05,0.0142417287924768,0.0002129071141198,0.00249277784792256,"Water",16
6,0.00189344508963441,1.06082110461462e-05,0.0110458058469659,0.000184601867037574,0.00207227780298867,"Water",5
7,0.00182825722076186,1.0372632804365e-05,0.0109965511108506,0.000173841935089656,0.00201577861091403,"Water",5
8,0.00174440662883507,1.03654958746534e-05,0.0103579708179909,0.000170656530422627,0.00188410209770049,"Water",12
9,0.00200236101363188,1.16582221622086e-05,0.0121147340942176,0.000190219473386558,0.00218439782973371,"Water",12
10,0.00201496860996288,1.16881099316467e-05,0.012372030166393,0.000194849515057709,0.0022143161284803,"Water",16
11,0.00201861539363691,1.26435871368417e-05,0.011928730970195,0.000200176388166665,0.00223784226952478,"Water",37
12,0.00172883592484842,1.01007499520739e-05,0.0106367369604168,0.000166653589610726,0.00187633903810912,"Water",24
13,0.00211556315177034,1.19957119339428e-05,0.0125145423564303,0.000208292808932428,0.00230444877139943,"Water",20
14,0.00174763311194091,1.03096181185092e-05,0.0107474689669335,0.000170457843899944,0.00192241005396051,"Water",16
15,0.00196076298649138,1.1279395674111e-05,0.0116878045165923,0.000187299565065065,0.00214072808366843,"Water",16
16,0.00187668964950161,1.07309457675589e-05,0.0112109823015697,0.000181578191663755,0.00203870806074938,"Water",9
17,0.00185075134320545,1.12181063149242e-05,0.0112511575998509,0.000180220169713452,0.00204709793034015,"Water",24
18,0.00180090634319374,1.04529614897708e-05,0.0104921578319589,0.000175177576783453,0.00199470312044545,"Water",23
19,0.00161371814336503,9.03603827939838e-06,0.0097106961119864,0.000151508568370315,0.00174297012127637,"Water",14
20,0.0018900633060652,1.09965799292342e-05,0.011374446603191,0.000186584371125485,0.00209749805863432,"Water",15
21,0.00191079971042552,1.05918238916255e-05,0.0118120363415797,0.00018553756272364,0.0020629585864226,"Water",10
22,0.00202312805771801,1.16594115342643e-05,0.0121303603171349,0.000192830827161629,0.00221109917458091,"Water",11
23,0.00177317839077548,9.24135300422989e-06,0.0110716058984905,0.000163591142162328,0.00190366975593433,"Water",23
24,0.00148357073288682,8.25164188845281e-06,0.00893296029949268,0.000136088639127848,0.00158903276428338,"Water",29
25,0.0015893287411157,8.81805487947698e-06,0.00926911264760652,0.000154794822280935,0.00176357543920014,"Water",28
26,0.00148794343465069,7.30220990871908e-06,0.00925507500913763,0.000137443602420016,0.00159307508919292,"Water",17
27,0.00192199209805404,1.07464115760796e-05,0.0113362385196113,0.000183994083573161,0.00211578393116484,"Water",10
28,0.00180883455202263,1.05624495508589e-05,0.0105460769021223,0.000171160009275706,0.0019562295444018,"Water",9
29,0.00200685871799728,1.14817724520607e-05,0.0120359975471043,0.000189112486095514,0.00219663848492455,"Water",17
30,0.0018826846032621,1.07316270761586e-05,0.0110815323757383,0.000183493119511858,0.00208657904793802,"Water",14
31,0.00200662496706108,1.26327945425922e-05,0.0118871116891762,0.000191876082026784,0.00217100929273581,"Water",16
32,0.00190850100751414,1.10024262440165e-05,0.0115766758172936,0.000183142129124296,0.00206790544915248,"Water",6
33,0.00226972927323031,1.22405116052222e-05,0.0141301933099319,0.000198461816941074,0.0023321850589895,"Water",9
34,0.00173073264911536,1.0339876883946e-05,0.0101834117743634,0.000169064590733713,0.00190673259204238,"Water",18
35,0.00183290662620236,1.13023517734966e-05,0.0112288259092337,0.000182412196288288,0.00200957888880099,"Water",30
36,0.00172774700680574,9.31284686002979e-06,0.0105124313128795,0.000163853390861838,0.00187385159557842,"Water",26
37,0.00171914631465277,1.1733653984375e-05,0.0107365264201392,0.000155820187363705,0.00182332774148771,"Water",4
38,0.00176539098246812,1.16408349195793e-05,0.0111345623758803,0.000161627182547591,0.00187858242809647,"Water",4
39,0.001701450383207,1.09686612686174e-05,0.010817459399435,0.000153830110164789,0.00180862774224715,"Water",4
40,0.0017626921923716,1.18317213615803e-05,0.0110067644826346,0.00016105630162214,0.00182957613668188,"Water",4
41,0.00171922952126379,1.14248352137933e-05,0.010605626691446,0.000152629986619395,0.00181054981845214,"Water",3
42,0.0017142049268885,1.13452280504559e-05,0.0107138284184858,0.000156937743861967,0.00179530988700414,"Water",3
43,0.00172210137069192,1.09900993991058e-05,0.0106043997823572,0.00015848949372772,0.00180686684784885,"Water",6
44,0.00140154771496094,8.47624873037131e-06,0.00890912176852977,0.000115101539938755,0.00141899197155379,"Water",27
45,0.00170812712819332,1.14663438012366e-05,0.0107696277475642,0.000153652528261311,0.00178658079598653,"Water",12
46,0.0017323990812475,1.13915908820118e-05,0.0108929878868829,0.000157325922296699,0.0018659014838745,"Water",4
47,0.00172287837400014,1.1224214395887e-05,0.0106853063493721,0.00015555544345028,0.00179324405267929,"Water",6
48,0.00169198397643556,1.1681632709694e-05,0.0105585122438121,0.000155188258185369,0.00181688962280849,"Water",14
49,0.00162091147865746,9.59193125852315e-06,0.0102792809514849,0.000139666323202444,0.00167559508034187,"Water",15
50,0.00170206770832806,1.05169912951721e-05,0.0105897707076323,0.000150613181906743,0.0018255263208632,"Water",5
51,0.00170864238932988,1.10796914868446e-05,0.0103568004123204,0.000160409115823288,0.00180908517166543,"Water",6
52,0.00174592336801915,1.18298636974122e-05,0.0109317896070763,0.000159016958135263,0.00186354239455503,"Water",7
53,0.0017182318198948,1.11593588731528e-05,0.0107068115678889,0.00015543546373824,0.00182972796438208,"Water",5
54,0.00189743788645466,1.30562923286116e-05,0.0116419033074147,0.000175874710159844,0.00201532920014109,"Water",9
55,0.00179215401289388,1.14636664886612e-05,0.0109512903988152,0.000159331803826716,0.00190443707447846,"Water",5
56,0.00177733943166986,1.17572141370428e-05,0.0109880384846316,0.000163233089215926,0.00189725888239478,"Water",9
57,0.00191388125159042,1.26058498191088e-05,0.0114276980670097,0.000178156960313722,0.00203341986073171,"Water",7
58,0.00168160140366887,1.11799633451365e-05,0.0106025801007827,0.000152976222596407,0.00179541287489547,"Water",13
59,0.00168085034292474,1.10293275220309e-05,0.0104928473803977,0.000157964154188091,0.00179893489106613,"Water",7
60,0.00157606687866584,1.00118016725187e-05,0.0100601912147182,0.000137349128280605,0.00164728007895359,"Water",18
61,0.00188433052872483,1.28919800558461e-05,0.011957784626144,0.000172863084528103,0.00199876676240603,"Water",13
62,0.00177082907788438,1.16549168240966e-05,0.0112998383803227,0.000163671702308766,0.00184821757742094,"Water",16
63,0.00172213896319482,1.22734730059791e-05,0.0104676543934057,0.000157559742791541,0.00185842248795383,"Water",16
64,0.00167327749519535,1.08503502375997e-05,0.010623866548431,0.000150031462375207,0.00174509394479651,"Water",8
65,0.00167682668257948,9.46362015389462e-06,0.0103167943525801,0.000147940389904602,0.00171912313023175,"Water",12
66,0.00168560019691539,1.10132250438931e-05,0.0106904635015723,0.000154974703265749,0.00179180354849632,"Water",9
67,0.00175107716262832,1.21551009122887e-05,0.010790701325929,0.00015846834983853,0.00185389589642372,"Water",12
68,0.00170010998350268,1.16038662921404e-05,0.0107034643431018,0.000160085974538313,0.00180504795367524,"Water",11
69,0.00171461738211069,1.22717588247126e-05,0.0108049972995279,0.000158241218870884,0.0018630370004151,"Water",11
70,0.00175037497510499,1.16888062139016e-05,0.0111034049959506,0.000164173483252064,0.00183702436864916,"Water",6
71,0.001722644449926,1.17025277258618e-05,0.0112380577887608,0.000163045205211618,0.00183134887879602,"Water",12
72,0.0017025524375329,1.05039155433015e-05,0.0105927034018135,0.000145195095957663,0.00174205821770916,"Water",9
73,0.0017287102637023,1.1202569289095e-05,0.0104685361939274,0.000156018200207003,0.00186625705701921,"Water",8
74,0.00172801123313013,1.12134543151299e-05,0.0106585385750129,0.000158739655429685,0.00185843476170966,"Water",8
75,0.00169407688082467,1.09782871090226e-05,0.0105907790745359,0.000154074572546134,0.00178021307933804,"Water",9
76,0.00190680106739856,1.31629317810386e-05,0.0121843775788448,0.000176455975582108,0.00201350237170848,"Water",4
77,0.00176005567950482,1.10308204859194e-05,0.0113553717390752,0.000151686954070827,0.00179750402786666,"Water",11
78,0.00162028599814984,1.02083440070767e-05,0.0102181676762976,0.000144949827491759,0.00172394671259586,"Water",16
79,0.00187727576917217,1.30076701517646e-05,0.0121122062838067,0.00017536070538188,0.0020020864464672,"Water",14
80,0.00189940400497272,1.29289748010346e-05,0.0121940514021454,0.000175987102996804,0.00204381696476235,"Water",10
81,0.00174253180597751,1.17463686437603e-05,0.0108752186252329,0.000161827473701081,0.00183023785561821,"Water",8
82,0.00177868977912791,1.18052139624484e-05,0.0110549857336118,0.000161322739217972,0.00187533496871348,"Water",10
83,0.00188652044109884,1.26987535301953e-05,0.0115803759919383,0.000176392727574651,0.00201715325857491,"Water",17
84,0.00170482075857512,1.12416140603562e-05,0.0104301353962659,0.000157048451343526,0.00179439634561855,"Water",10
85,0.00180220140123783,1.14047424274516e-05,0.0113499519394343,0.000164971005777856,0.00187758081688519,"Water",9
86,0.00184397992288841,1.21498523175033e-05,0.0115402274307782,0.00017211202575662,0.00194229434584578,"Water",11
87,0.00174842598089426,1.17594743246976e-05,0.0109027924202491,0.000162067761010275,0.0018512905983108,"Water",10
88,0.00171483574738561,1.08842868591789e-05,0.0108048465986783,0.000148705384199814,0.00176869134375383,"Water",3
89,0.00175676220219546,1.19422130762934e-05,0.0110746448307009,0.000161504732086364,0.00186438991937629,"Water",6
90,0.00165667889627662,8.94128472389848e-06,0.0103809026411933,0.000138828896275221,0.00168032270076706,"Water",8
91,0.0017970841957112,1.26257054315451e-05,0.0111676755288826,0.000167763771417869,0.00192915269544432,"Water",8
92,0.00179277557589105,1.18936179442373e-05,0.0113307686750086,0.000165943525118889,0.00188100914559497,"Water",10
93,0.00186801839642828,1.19829949620484e-05,0.011481617255129,0.000172556859936546,0.00198294532247843,"Water",15
94,0.00179122254566264,1.15378721324139e-05,0.01157735663388,0.000165078486919659,0.00190686237375313,"Water",16
95,0.00176798106312068,1.15219919666461e-05,0.0110420947212211,0.000161785878690026,0.00187969309994465,"Water",11
96,0.00196432606346973,1.28125904440703e-05,0.0122388235711175,0.000184305741751848,0.00211282314632305,"Water",10
97,0.00167525552744704,1.0849451169966e-05,0.0105089758798025,0.000149386273957965,0.00176081978131218,"Water",14
98,0.00171370937024661,1.12201611822328e-05,0.0107554304461232,0.000157590294610648,0.00182699285099486,"Water",4
99,0.00173402587381496,1.12224103758402e-05,0.0107111998694496,0.000159317414136518,0.00182622222257245,"Water",8
100,0.00175705591479106,1.10892833214104e-05,0.011002953057622,0.0001581305919123,0.00184381759534814,"Water",1
101,0.0017418750282431,1.19528396155879e-05,0.0110428678907053,0.000161613705232393,0.00185735560006167,"Water",3
102,0.00194545883629844,1.1992590432669e-05,0.0123103542561289,0.000176187235143106,0.00204354454009824,"Water",10
103,0.00200096183843966,1.31669355662584e-05,0.012598669724878,0.000190931825522546,0.00214455753331402,"Water",17
104,0.0020627283060749,1.31968292204279e-05,0.0126303756681355,0.000191276523519344,0.00216183129360905,"Water",12
105,0.00173260388246911,1.14195856728977e-05,0.01090257914659,0.000159257007533904,0.00185200081249341,"Water",17
106,0.00166336286151153,1.05397317482022e-05,0.0105110132522608,0.000144722899414683,0.00173000135126459,"Water",13
107,0.00185454144415733,1.21738886264594e-05,0.0113934744836933,0.000172867555898127,0.00198678535710293,"Water",23
108,0.00161485106954257,8.30357033899576e-06,0.0104405786257942,0.000122330344687727,0.00161432429066384,"Water",29
109,0.00178719164593744,1.18404637725031e-05,0.0111025720999627,0.00016531421595348,0.0018899523256356,"Water",15
110,0.0017020355611551,1.14456866957611e-05,0.0106919607150648,0.000157696857323013,0.00181639690488668,"Water",15
111,0.00194174200823108,1.33682105768235e-05,0.0119491377204694,0.00018268537338055,0.00208769947187098,"Water",16
112,0.00173118891962706,1.08264166297153e-05,0.010935897346008,0.000153376627653423,0.00181310022762166,"Water",3
113,0.00173410996592665,1.19093611874953e-05,0.0108944308010347,0.000154842210902358,0.00182160517200924,"Water",5
114,0.00168014074743136,1.11130933456697e-05,0.0105250403303517,0.00014926166365626,0.00177394405453318,"Water",9
115,0.00189635822056892,1.28370965363822e-05,0.012089496547055,0.000173991862952267,0.00201652205654447,"Water",12
116,0.00174629964040546,1.20737047247472e-05,0.0109182998977482,0.000160944862465214,0.00185406244510513,"Water",18
117,0.00155579034121111,9.81470957797614e-06,0.00998567649058706,0.000134375550394319,0.00160685531415459,"Water",13
118,0.00182346238098203,1.2287798293695e-05,0.0115380604183445,0.000167258414622099,0.00193666270618517,"Water",14
119,0.00166746204322799,1.16834890224748e-05,0.0101517745507677,0.000153871025311772,0.00177052768750802,"Water",20
120,0.00174111819637005,1.19203946872073e-05,0.0108377227048129,0.000163742318738941,0.00185539295187084,"Water",15
121,0.00170086228934028,1.07947592742653e-05,0.0107952567511419,0.000153069800956134,0.00178370779925932,"Water",9
122,0.00193127977789879,1.2651669945636e-05,0.0123683593171759,0.000173730472297742,0.00202407536611322,"Water",11
123,0.00186624037820233,1.26264678272415e-05,0.011497474787076,0.000169191627564947,0.00200366779376245,"Water",9
124,0.00174264107901723,1.09230411117091e-05,0.0107200210306085,0.000158996946650526,0.00178481506633198,"Water",2
125,0.00174678305022242,1.12225759401403e-05,0.0106484876745483,0.000158086396715761,0.00187104705926214,"Water",3
126,0.00172306928111283,1.1600599345591e-05,0.0106560321336136,0.000155050898196697,0.00182005250259974,"Water",5
127,0.00173350197945359,1.15839282073368e-05,0.0110117737443363,0.000157241006958605,0.0018446628407669,"Water",6
128,0.00171992687814478,1.14686567047534e-05,0.0104445610919871,0.000158092514879478,0.00183101603907379,"Water",9
129,0.00173718109535835,1.20458962162468e-05,0.0107662646281558,0.000163560296564792,0.00184706564000061,"Water",18
130,0.00182590758427905,1.18270973815506e-05,0.0117230342263489,0.000163706966533742,0.00191254417706093,"Water",7
131,0.00186471949303017,1.28467762457996e-05,0.0115150932068488,0.000174031990516317,0.00198125706967054,"Water",27
132,0.00169073578155233,1.07474571210247e-05,0.0105406012025074,0.000147393238012879,0.0017662102829014,"Water",16
